Timestamp,Input,Output,Coordinates,Exchanges_Available,Category,Tags,Texture,Name
2025-12-26T14:06:56.645033,3 Iron Ingot,1 Player Head,"3378,62,5090",T,Food,,eyJ0ZXh0dXJlcyI6eyJTS0lOIjp7InVybCI6Imh0dHA6Ly90ZXh0dXJlcy5taW5lY3JhZnQubmV0L3RleHR1cmUvMTU5MWI2MTUyOWQyNWE3ZWNkNmJlYzAwOTQ4ZTZmZTE1NWUzMDA3ZjJkN2ZlNTU5ZjNhODNjNmY4MDhlNDM0ZCJ9fX0=,Crate of Food
2025-12-26T14:06:58.694114,3 Iron Ingot,1 Player Head,"3380,62,5090",T,Lasers/Arrows,,eyJ0ZXh0dXJlcyI6eyJTS0lOIjp7InVybCI6Imh0dHA6Ly90ZXh0dXJlcy5taW5lY3JhZnQubmV0L3RleHR1cmUvYmI3MmFkODM2OWViNmNkODk5MGNlYzFmNTRkMTc3ODQ0MmExMDhiMDE4NjYyMmM1OTE4ZWI4NTE1OWUyZmI5ZSJ9fX0=,Traffic Light (X) 
2025-12-26T14:07:00.236595,1 Diamond,1 Player Head,"3381,62,5090",F,Lasers/Arrows,,eyJ0ZXh0dXJlcyI6eyJTS0lOIjp7InVybCI6Imh0dHA6Ly90ZXh0dXJlcy5taW5lY3JhZnQubmV0L3RleHR1cmUvZjU2MWIxNzliNmJjMDY5NTZkMDRmNDY2OTJiNzUzM2I4NzE3MTM3NGM3NTI3MzA4NWFiMmE2ZmVkYjk3Y2JiNCJ9fX0=,Warning Lamp (Green)
2025-12-26T14:07:01.888661,1 Diamond,1 Player Head,"3382,62,5090",T,Lasers/Arrows,,eyJ0ZXh0dXJlcyI6eyJTS0lOIjp7InVybCI6Imh0dHA6Ly90ZXh0dXJlcy5taW5lY3JhZnQubmV0L3RleHR1cmUvOGUyYzE4YWIzNTk0OWJmOWY5ZTdkNmE2OWI4ODVjY2Q4Y2MyZWZiOTQ3NTk0NmQ3ZDNmYjVjM2ZlZjYxIn19fQ==,Warning Lamp (Red)
2025-12-26T14:07:03.471424,1 Diamond,1 Player Head,"3383,62,5090",T,Lasers/Arrows,,eyJ0ZXh0dXJlcyI6eyJTS0lOIjp7InVybCI6Imh0dHA6Ly90ZXh0dXJlcy5taW5lY3JhZnQubmV0L3RleHR1cmUvNDgzMDBjM2EyYjNhNGRmNDRhNmE1OWM3NTY2YjlhMmYxYTdkNWFlOTcxOWEwZWQzZGE1MGZmNWY4ZDViY2E4ZiJ9fX0=,Warning Lamp (Orange)
2025-12-26T14:07:05.747337,1 Diamond,1 Player Head,"3383,65,5090",T,Lasers/Arrows,,eyJ0ZXh0dXJlcyI6eyJTS0lOIjp7InVybCI6Imh0dHA6Ly90ZXh0dXJlcy5taW5lY3JhZnQubmV0L3RleHR1cmUvN2EyYzEyY2IyMjkxODM4NGUwYTgxYzgyYTFlZDk5YWViZGNlOTRiMmVjMjc1NDgwMDk3MjMxOWI1NzkwMGFmYiJ9fX0=,Traffic Light (Left) 
2025-12-26T14:07:07.294750,1 Diamond,1 Player Head,"3382,65,5090",F,Lasers/Arrows,,eyJ0ZXh0dXJlcyI6eyJTS0lOIjp7InVybCI6Imh0dHA6Ly90ZXh0dXJlcy5taW5lY3JhZnQubmV0L3RleHR1cmUvNzczMzRjZGRmYWI0NWQ3NWFkMjhlMWE0N2JmOGNmNTAxN2QyZjA5ODJmNjczN2RhMjJkNDk3Mjk1MjUxMDY2MSJ9fX0=,Traffic Light (Up) 
2025-12-26T14:07:08.648731,1 Diamond,1 Player Head,"3381,65,5090",F,Lasers/Arrows,,eyJ0ZXh0dXJlcyI6eyJTS0lOIjp7InVybCI6Imh0dHA6Ly90ZXh0dXJlcy5taW5lY3JhZnQubmV0L3RleHR1cmUvMjkxYWM0MzJhYTQwZDdlN2E2ODdhYTg1MDQxZGU2MzY3MTJkNGYwMjI2MzJkZDUzNTZjODgwNTIxYWYyNzIzYSJ9fX0=,Traffic Light (Right) 
2025-12-26T14:07:11.585246,3 Iron Ingot,1 Player Head,"3377,62,5090",T,Food,,eyJ0ZXh0dXJlcyI6eyJTS0lOIjp7InVybCI6Imh0dHA6Ly90ZXh0dXJlcy5taW5lY3JhZnQubmV0L3RleHR1cmUvZTZlY2FkZDM5NmNhMTg3ZmI2YmE4ZTY3MTA1MTRmODA1MjE2ZDAxNzlmYzJkY2NmYzdjYzgxOGIyZDU3Mjk5NyJ9fX0=,Pink Donut
2025-12-26T14:07:13.394252,3 Iron Ingot,1 Player Head,"3377,65,5090",T,Food,,eyJ0ZXh0dXJlcyI6eyJTS0lOIjp7InVybCI6Imh0dHA6Ly90ZXh0dXJlcy5taW5lY3JhZnQubmV0L3RleHR1cmUvMmIyMTYxN2QyNzU1YmMyMGY4ZjdlMzg4ZjQ5ZTQ4NTgyNzQ1ZmVjMTZiYjE0Yzc3NmY3MTE4Zjk4YzU1ZTgifX19,Candycane
2025-12-26T14:07:15.204042,3 Iron Ingot,1 Player Head,"3378,65,5090",T,Food,,eyJ0ZXh0dXJlcyI6eyJTS0lOIjp7InVybCI6Imh0dHA6Ly90ZXh0dXJlcy5taW5lY3JhZnQubmV0L3RleHR1cmUvNDBmNDg1NTkzNjc3YWFiMjhkYmNhNDViMTAyMmYyMWIxYmM3ODk2YmM5ZmU0NDA2YWJlNGQ2MDcwNTc4MjYifX19,Gingerbread House
2025-12-26T14:07:25.466598,3 Iron Ingot,1 Player Head,"3366,59,5075",F,Halloween,,eyJ0ZXh0dXJlcyI6eyJTS0lOIjp7InVybCI6Imh0dHA6Ly90ZXh0dXJlcy5taW5lY3JhZnQubmV0L3RleHR1cmUvMTJlYTk2ZjU0MGYxNzFkNmY2ODQ0NjY5YjE3NTNjZjQ4YThmNDE1ZThiYzM3YzhlZThiZjU2MWNhNmUzMWYyOCJ9fX0=,
2025-12-26T14:07:37.826331,3 Iron Ingot,1 Player Head,"3376,65,5090",T,Food,,eyJ0ZXh0dXJlcyI6eyJTS0lOIjp7InVybCI6Imh0dHA6Ly90ZXh0dXJlcy5taW5lY3JhZnQubmV0L3RleHR1cmUvNWFmODFjNjc2NTgzOTM0ZDUxYjcxNDJjODdlZGFlNmM0OWM2ZjY3YWZmMTYzZGI0NTcyOTdmMDMzYzU5NjRmMiJ9fX0=,Belgian Beer
2025-12-26T14:07:40.066608,3 Iron Ingot,1 Player Head,"3376,62,5090",T,Food,,eyJ0ZXh0dXJlcyI6eyJTS0lOIjp7InVybCI6Imh0dHA6Ly90ZXh0dXJlcy5taW5lY3JhZnQubmV0L3RleHR1cmUvOTA0NzcxMzRkMmFjNTI1NjlmMDYyNzA3YjA0ZTRhMzdhNzBhOWZlZDYxMTBjN2QyZjE0NWY3NmJlMWNkODI2ZSJ9fX0=,Wildberry Pie
2025-12-26T14:07:41.888491,3 Iron Ingot,1 Player Head,"3375,62,5090",T,Food,,eyJ0ZXh0dXJlcyI6eyJTS0lOIjp7InVybCI6Imh0dHA6Ly90ZXh0dXJlcy5taW5lY3JhZnQubmV0L3RleHR1cmUvZDhlY2Q2MzYxNTA4MzdiMGQ5ZDAyOTliNjRjZDBiNWI1NWE2Zjk5MTU4Yzk0NjAwZWI5MGZjNWJhNjc3MzMwZCJ9fX0=,Honey Jar
2025-12-26T14:07:43.663985,3 Iron Ingot,1 Player Head,"3375,65,5090",T,Food,,eyJ0ZXh0dXJlcyI6eyJTS0lOIjp7InVybCI6Imh0dHA6Ly90ZXh0dXJlcy5taW5lY3JhZnQubmV0L3RleHR1cmUvYTQ3NjY5NWRmY2MxNzBiZDc0ZWFkNGNiYWYxNzVlMTM3ODdjYmRmN2YzMmYwOGZmY2FhZmY2Mzg1OGUzYzEyMCJ9fX0=,Cookie Jar
2025-12-26T14:09:46.222279,3 Iron Ingot,1 Player Head,"3374,62,5090",T,Food,,eyJ0ZXh0dXJlcyI6eyJTS0lOIjp7InVybCI6Imh0dHA6Ly90ZXh0dXJlcy5taW5lY3JhZnQubmV0L3RleHR1cmUvYWU5ZDIyZDlhZGE2M2UyODE0MjBhZTMzNjkxODgwODY5ZmExYTE0YmZkZjg3ZDhlNTM4ZTk5OGE4ZjI5NTk1YiJ9fX0=,Sushi
2025-12-26T14:09:48.055027,3 Iron Ingot,1 Player Head,"3374,65,5090",T,Food,,eyJ0ZXh0dXJlcyI6eyJTS0lOIjp7InVybCI6Imh0dHA6Ly90ZXh0dXJlcy5taW5lY3JhZnQubmV0L3RleHR1cmUvODJjNTE3OGFkYzRmZmNmNjRkNGM2OGY3NTQ5YTc1MWFjMDJhMzE3NTQwYmMyZmU2NWQxN2YwMWY5NjgyZGRmMSJ9fX0=,Taco
2025-12-26T14:09:49.375943,3 Iron Ingot,1 Player Head,"3373,65,5090",T,Food,,eyJ0ZXh0dXJlcyI6eyJTS0lOIjp7InVybCI6Imh0dHA6Ly90ZXh0dXJlcy5taW5lY3JhZnQubmV0L3RleHR1cmUvYTZlZjFjMjVmNTE2ZjJlN2Q2Zjc2Njc0MjBlMzNhZGNmM2NkZjkzOGNiMzdmOWE0MWE4YjM1ODY5ZjU2OWIifX19,Burger
2025-12-26T14:09:51.314539,3 Iron Ingot,1 Player Head,"3373,62,5090",T,Food,,eyJ0ZXh0dXJlcyI6eyJTS0lOIjp7InVybCI6Imh0dHA6Ly90ZXh0dXJlcy5taW5lY3JhZnQubmV0L3RleHR1cmUvZjM0ODdkNDU3ZjkwNjJkNzg3YTNlNmNlMWM0NjY0YmY3NDAyZWM2N2RkMTExMjU2ZjE5YjM4Y2U0ZjY3MCJ9fX0=,Bread
2025-12-26T14:10:34.157237,3 Iron Ingot,1 Player Head,"3372,62,5090",T,Food,,eyJ0ZXh0dXJlcyI6eyJTS0lOIjp7InVybCI6Imh0dHA6Ly90ZXh0dXJlcy5taW5lY3JhZnQubmV0L3RleHR1cmUvZTA2ZmM2YTQwZGEyNTZiNDUzNTkzZmEzMmU1MmI5ZTExMGM1MGRmMDRhNzBmNDg0ZDIwMDA5YzdiYTExNDI2YiJ9fX0=,Soup
2025-12-26T14:10:36.884480,3 Iron Ingot,1 Player Head,"3372,65,5090",T,Food,,eyJ0ZXh0dXJlcyI6eyJTS0lOIjp7InVybCI6Imh0dHA6Ly90ZXh0dXJlcy5taW5lY3JhZnQubmV0L3RleHR1cmUvMjdmMDJmMTQxODRjZGU3NWVmN2QxNGM1YThjODQ4ZGVmNjliZmYzODE2YThkZWRiZWQ1YTVlZmE1YTYyNjk5YSJ9fX0=,Coconut
2025-12-26T14:10:39.290250,3 Iron Ingot,1 Player Head,"3371,65,5090",T,Food,,eyJ0ZXh0dXJlcyI6eyJTS0lOIjp7InVybCI6Imh0dHA6Ly90ZXh0dXJlcy5taW5lY3JhZnQubmV0L3RleHR1cmUvYjU0YTA5YzhlMzZjYzA5M2UzNzUzMjg3YTVjYWM0YjM3ZTU2NTRjYTUxOGM2NTgyYWI5OWNhYTk1MTM0NTk1ZSJ9fX0=,Apple
2025-12-26T14:10:41.128442,3 Iron Ingot,1 Player Head,"3371,62,5090",T,Food,,eyJ0ZXh0dXJlcyI6eyJTS0lOIjp7InVybCI6Imh0dHA6Ly90ZXh0dXJlcy5taW5lY3JhZnQubmV0L3RleHR1cmUvZDhlOTRkZGQ3NjlhNWJlYTc0ODM3NmI0ZWM3MzgzZmQzNmQyNjc4OTRkN2MzYmVlMDExZThlNGY1ZmNkNyJ9fX0=,Cup of Tea
2025-12-26T14:10:44.356879,3 Iron Ingot,1 Player Head,"3370,62,5090",T,Food,,eyJ0ZXh0dXJlcyI6eyJTS0lOIjp7InVybCI6Imh0dHA6Ly90ZXh0dXJlcy5taW5lY3JhZnQubmV0L3RleHR1cmUvMTRiOWRlZWJkZTM5ZDVhMTUyN2U1NjNkZmFiNzllMDM2MWU5YjJjOGRkNjIyOTZiYTJjNjMwNDAxMmNkOWViNCJ9fX0=,Mate Drink
2025-12-26T14:10:46.208085,3 Iron Ingot,1 Player Head,"3370,65,5090",T,Food,,eyJ0ZXh0dXJlcyI6eyJTS0lOIjp7InVybCI6Imh0dHA6Ly90ZXh0dXJlcy5taW5lY3JhZnQubmV0L3RleHR1cmUvZTJiMzViZGE1ZWJkZjEzNWY0ZTcxY2U0OTcyNmZiZWM1NzM5ZjBhZGVkZjAxYzUxOWUyYWVhN2Y1MTk1MWVhMiJ9fX0=,Crappy Apple
2025-12-26T14:43:56.272777,1 Diamond,1 Player Head,"3365,62,5090",T,Player,,ewogICJ0aW1lc3RhbXAiIDogMTY3MTA4ODgzMzk0NCwKICAicHJvZmlsZUlkIiA6ICJjNDJjNWVjMjAxZGU0ZmI5ODQ2ZTgxODEyYmY3NGNhNyIsCiAgInByb2ZpbGVOYW1lIiA6ICJZZXJnbyIsCiAgInNpZ25hdHVyZVJlcXVpcmVkIiA6IHRydWUsCiAgInRleHR1cmVzIiA6IHsKICAgICJTS0lOIiA6IHsKICAgICAgInVybCIgOiAiaHR0cDovL3RleHR1cmVzLm1pbmVjcmFmdC5uZXQvdGV4dHVyZS80MjM2YTljYmJiNDYxOGMxZGZjMGFkZThhN2FjYjUyNmIzZTQ5MGNhMzllNTVjOTRkMmExZjllNTk4ODYyNTRhIgogICAgfQogIH0KfQ==,Yergo
2025-12-26T14:44:01.277196,1 Diamond,1 Player Head,"3365,65,5090",T,Player,,ewogICJ0aW1lc3RhbXAiIDogMTY4Nzg0NjU2MjM1MCwKICAicHJvZmlsZUlkIiA6ICJmYTg3YTQ3YWJkNzI0OGViODkyZWMzOTY5NmNiMWQ1NyIsCiAgInByb2ZpbGVOYW1lIiA6ICJCbG9iIiwKICAic2lnbmF0dXJlUmVxdWlyZWQiIDogdHJ1ZSwKICAidGV4dHVyZXMiIDogewogICAgIlNLSU4iIDogewogICAgICAidXJsIiA6ICJodHRwOi8vdGV4dHVyZXMubWluZWNyYWZ0Lm5ldC90ZXh0dXJlLzQwMjA1NjZjNzhmMWVhNDRiOWUyNzZlMmZmZTY4NWYyMTViNDE2MTYyMDJjZjFjZjcyZGQxZjIwOGZjYWJlY2MiCiAgICB9LAogICAgIkNBUEUiIDogewogICAgICAidXJsIiA6ICJodHRwOi8vdGV4dHVyZXMubWluZWNyYWZ0Lm5ldC90ZXh0dXJlLzIzNDBjMGUwM2RkMjRhMTFiMTVhOGIzM2MyYTdlOWUzMmFiYjIwNTFiMjQ4MWQwYmE3ZGVmZDYzNWNhN2E5MzMiCiAgICB9CiAgfQp9,Blob
2025-12-26T14:44:25.257198,1 Diamond,1 Player Head,"3364,65,5090",T,Player,,eyJ0ZXh0dXJlcyI6eyJTS0lOIjp7InVybCI6Imh0dHA6Ly90ZXh0dXJlcy5taW5lY3JhZnQubmV0L3RleHR1cmUvMmQ0YWE4MjlhMDZlZTIwMmZmZDk1N2E5ZDFkOTMxYWI3YjQxZGY3MDM3M2FjMGY5Zjg2ODJjZTEwYzA0MTA0OSJ9fX0=,LordOfMarzipan (Past Superfrien)
2025-12-26T14:44:27.732398,1 Diamond,1 Player Head,"3364,62,5090",T,Player,,eyJ0ZXh0dXJlcyI6eyJTS0lOIjp7InVybCI6Imh0dHA6Ly90ZXh0dXJlcy5taW5lY3JhZnQubmV0L3RleHR1cmUvN2M1OGEyYmVlNGRhOWRkMWU4ZDdkY2IxODVhNTY2YWI0ZDJlNDJkOWE2NDE2ZmViYzhlODFlYzMzMzkzOTllMyJ9fX0=,southw3st
2025-12-26T14:44:29.953465,1 Diamond,1 Player Head,"3363,62,5090",T,Player,,ewogICJ0aW1lc3RhbXAiIDogMTY4OTc0NzQyMDI0MiwKICAicHJvZmlsZUlkIiA6ICJlMmJhZTY1NGEwZjA0ZDBhOWFiMzU3YTQzOGYwYmI3ZiIsCiAgInByb2ZpbGVOYW1lIiA6ICJOb3ZhQ2Vhc2FyIiwKICAic2lnbmF0dXJlUmVxdWlyZWQiIDogdHJ1ZSwKICAidGV4dHVyZXMiIDogewogICAgIlNLSU4iIDogewogICAgICAidXJsIiA6ICJodHRwOi8vdGV4dHVyZXMubWluZWNyYWZ0Lm5ldC90ZXh0dXJlLzYwYzZjNWFhNGU2M2RkYjM4MWIwZjUxNDk1Njk3ZGM5MzcyYzQzYjlhN2Y2YmQxMjgxZDA0NGIwNjkxZjlmYzAiLAogICAgICAibWV0YWRhdGEiIDogewogICAgICAgICJtb2RlbCIgOiAic2xpbSIKICAgICAgfQogICAgfSwKICAgICJDQVBFIiA6IHsKICAgICAgInVybCIgOiAiaHR0cDovL3RleHR1cmVzLm1pbmVjcmFmdC5uZXQvdGV4dHVyZS8yMzQwYzBlMDNkZDI0YTExYjE1YThiMzNjMmE3ZTllMzJhYmIyMDUxYjI0ODFkMGJhN2RlZmQ2MzVjYTdhOTMzIgogICAgfQogIH0KfQ==,NovaCesear
2025-12-26T14:44:32.307414,1 Diamond,1 Player Head,"3363,65,5090",T,Player,,eyJ0ZXh0dXJlcyI6eyJTS0lOIjp7InVybCI6Imh0dHA6Ly90ZXh0dXJlcy5taW5lY3JhZnQubmV0L3RleHR1cmUvNjk2MDZkMDEzN2JmMmM0NWUzNDcyNmNlOWE3ZGNlMjExNGRlNWQzMjFiNTVlOGJiZjRkMmJlZTllNmYyMWIwOCJ9fX0=,Tradespin
2025-12-26T14:44:34.078220,1 Diamond,1 Player Head,"3362,65,5090",T,Player,,ewogICJ0aW1lc3RhbXAiIDogMTY3MjI5NzAyMTU2NCwKICAicHJvZmlsZUlkIiA6ICIzZmNkOTFhMmNkOGU0MTZlODVjNWNkYjY3OGExMDYxOCIsCiAgInByb2ZpbGVOYW1lIiA6ICJ3amtyb2VrZXIiLAogICJzaWduYXR1cmVSZXF1aXJlZCIgOiB0cnVlLAogICJ0ZXh0dXJlcyIgOiB7CiAgICAiU0tJTiIgOiB7CiAgICAgICJ1cmwiIDogImh0dHA6Ly90ZXh0dXJlcy5taW5lY3JhZnQubmV0L3RleHR1cmUvNzllODQ4Mjg5YmFlNGM2MTZlMzllMDE0OWI0N2NiNGExZGE5ODEyZWE1ZTFhMDgyZTk0NzU5MGJjNDM3MDlmZSIKICAgIH0KICB9Cn0=,wjkroeker
2025-12-26T14:44:35.861648,1 Diamond,1 Player Head,"3362,62,5090",T,Player,,eyJ0ZXh0dXJlcyI6eyJTS0lOIjp7InVybCI6Imh0dHA6Ly90ZXh0dXJlcy5taW5lY3JhZnQubmV0L3RleHR1cmUvMmY2ZThkYTg1NzcwMWQ2ZTAwOTQwNDU2OTI1ZjgyM2VjODEwMzVhYTM4OTI5ZjQ5NzA4MjE5MmUxNzBjZmM5YSJ9fX0=,Kazmirl
2025-12-26T14:44:37.509008,1 Diamond,1 Player Head,"3361,62,5090",T,Player,,eyJ0ZXh0dXJlcyI6eyJTS0lOIjp7InVybCI6Imh0dHA6Ly90ZXh0dXJlcy5taW5lY3JhZnQubmV0L3RleHR1cmUvNzc4ZTJiMGYwMzE5OTZmYjNhYWRhOGViN2NkNTZjMjc4ODkyMWZmNGRiNDQ4MWU4YjBkMDRiN2RkMDVhNWEzZiJ9fX0=,Ttastic
2025-12-26T14:44:39.289230,1 Diamond,1 Player Head,"3361,65,5090",T,Player,,eyJ0ZXh0dXJlcyI6eyJTS0lOIjp7InVybCI6Imh0dHA6Ly90ZXh0dXJlcy5taW5lY3JhZnQubmV0L3RleHR1cmUvMmMxYzE4MWY2OTIxZTg5YzJmMjI1NzY2YjU2ZTQwNDA3NDMzYTcwZTBkMDc1ZjhlYTZmNWRjNDVhMTgxNjA2In19fQ==,CapColt
2025-12-26T14:44:44.518910,1 Diamond,1 Player Head,"3360,62,5090",T,Player,,ewogICJ0aW1lc3RhbXAiIDogMTY5MDI2NjA1MDIzMSwKICAicHJvZmlsZUlkIiA6ICI0MTNiOGJkZTRjODY0MTRmYmJmZjE3OTNiZWFlM2Y4MyIsCiAgInByb2ZpbGVOYW1lIiA6ICJ0b2dvc2hpZ2VrYXRhIiwKICAic2lnbmF0dXJlUmVxdWlyZWQiIDogdHJ1ZSwKICAidGV4dHVyZXMiIDogewogICAgIlNLSU4iIDogewogICAgICAidXJsIiA6ICJodHRwOi8vdGV4dHVyZXMubWluZWNyYWZ0Lm5ldC90ZXh0dXJlL2EwYWY2MTM4MTk3YTczMTI1MTU2MDVlYjMzZGQ2NTY2YTA1YTkwZTcwMmU0OTQwYjc2OWU0M2NiZmY4MDUwMyIKICAgIH0KICB9Cn0=,togoshigekata (Name is too long)
2025-12-26T14:44:47.358747,1 Diamond,1 Player Head,"3359,65,5090",T,Player,,eyJ0ZXh0dXJlcyI6eyJTS0lOIjp7InVybCI6Imh0dHA6Ly90ZXh0dXJlcy5taW5lY3JhZnQubmV0L3RleHR1cmUvOWY4NGJmM2JiMWY2MjgzOWY0OTQ2MTYzMzgzYzdjYmY2MDExY2EyNTQyN2I0YzdjYjA2NjZmZmFjMmNiZTBmMyJ9fX0=,Iebagi
2025-12-26T14:44:51.636194,1 Diamond,1 Player Head,"3360,65,5090",T,Player,,eyJ0ZXh0dXJlcyI6eyJTS0lOIjp7InVybCI6Imh0dHA6Ly90ZXh0dXJlcy5taW5lY3JhZnQubmV0L3RleHR1cmUvMzAyNDU5YzAwN2I0NDgwYTliNDhlNGQxZTFlMWUyODkzNTIwMGE4YTUzZTk3YjRhOTU2OWNhYjk1YThkZTVjYiJ9fX0=,CatistStudy
2025-12-26T14:44:58.123416,1 Diamond,1 Player Head,"3359,62,5090",T,Player,,ewogICJ0aW1lc3RhbXAiIDogMTY5NjE0MTAxOTc0NywKICAicHJvZmlsZUlkIiA6ICJhYzExNjY3NGRiZDA0ZThlODBiMGU5NGRkYWY3ZDJiZSIsCiAgInByb2ZpbGVOYW1lIiA6ICJDcmltZW8iLAogICJzaWduYXR1cmVSZXF1aXJlZCIgOiB0cnVlLAogICJ0ZXh0dXJlcyIgOiB7CiAgICAiU0tJTiIgOiB7CiAgICAgICJ1cmwiIDogImh0dHA6Ly90ZXh0dXJlcy5taW5lY3JhZnQubmV0L3RleHR1cmUvZGZhODhkMmQ3NjEwYzE0OWYxYzdmYWEwMzI5NDUyNjM4NzRiMzI0MjYyYzI4MDk5ZjFjYTY3N2RiMTljNWRlNCIKICAgIH0KICB9Cn0=,Crimeo
2025-12-26T14:45:00.263241,1 Diamond,1 Player Head,"3358,62,5090",T,Player,,eyJ0ZXh0dXJlcyI6eyJTS0lOIjp7InVybCI6Imh0dHA6Ly90ZXh0dXJlcy5taW5lY3JhZnQubmV0L3RleHR1cmUvNTdiYzZjNzliYTY3OTkxNWQ2YjllY2IxMGJlOWY4Mzk3ZjE3MDI3NzBkOTk5NmIwZjZjYzkyOGU2OTM5NTQzMyJ9fX0=,Mike0War (Realms Admin)
2025-12-26T14:45:02.387852,1 Diamond,1 Player Head,"3358,65,5090",T,Player,,ewogICJ0aW1lc3RhbXAiIDogMTY2MDAzMjQwOTQ2NywKICAicHJvZmlsZUlkIiA6ICI4MzM0MmQyMGNlZGU0MmI0YjljNDcxNzQ0ODdhODU1ZSIsCiAgInByb2ZpbGVOYW1lIiA6ICJUZWFsTmVyZCIsCiAgInNpZ25hdHVyZVJlcXVpcmVkIiA6IHRydWUsCiAgInRleHR1cmVzIiA6IHsKICAgICJTS0lOIiA6IHsKICAgICAgInVybCIgOiAiaHR0cDovL3RleHR1cmVzLm1pbmVjcmFmdC5uZXQvdGV4dHVyZS85Y2QyYTlmM2I4NmE3ZDVjMTBiYWY4NTFjMTVmZTFiODMwOGQzNTk4MDQ1MWRmMzhiMmJkNTMyZTY2M2RjZmY0IgogICAgfQogIH0KfQ==,TealNerd (Prior Civ Admin)
2025-12-26T14:45:04.654432,1 Diamond,1 Player Head,"3357,65,5090",T,Player,,ewogICJ0aW1lc3RhbXAiIDogMTY5MDE3OTYxMTc1NiwKICAicHJvZmlsZUlkIiA6ICIyMzA2OGQyYjk0MjE0NGE0OGRiNTc0NWZmOTIxYmFkOSIsCiAgInByb2ZpbGVOYW1lIiA6ICJQcm9ncmFtbWVyRGFuIiwKICAic2lnbmF0dXJlUmVxdWlyZWQiIDogdHJ1ZSwKICAidGV4dHVyZXMiIDogewogICAgIlNLSU4iIDogewogICAgICAidXJsIiA6ICJodHRwOi8vdGV4dHVyZXMubWluZWNyYWZ0Lm5ldC90ZXh0dXJlLzdmYmJiY2FiMWY2MTA1NTY4NTg4NzVmODY4NjNhY2YyNWYyZjcyYjA5NTM5OTcyYjc5MjU2NjY0OGI2ZjQwNjkiCiAgICB9CiAgfQp9,ProgrammerDan (Developer)
2025-12-26T14:48:35.753575,1 Diamond,"1 Player Head ""Kingstell""","3357,62,5090",T,Player,,eyJ0ZXh0dXJlcyI6eyJTS0lOIjp7InVybCI6Imh0dHA6Ly90ZXh0dXJlcy5taW5lY3JhZnQubmV0L3RleHR1cmUvN2Q2YjMyYTk0MTJmYzEyYmY0NThmMTQzNjhiMTk2OWMwYmM5MTNkMzAyN2ZiNjZlMTFhNGJhZjI4Mzk4YWQifX19,Kingstell (JR Superfriend)
2025-12-26T14:48:56.229252,1 Diamond,1 Player Head,"3356,65,5090",T,Player,,eyJ0ZXh0dXJlcyI6eyJTS0lOIjp7InVybCI6Imh0dHA6Ly90ZXh0dXJlcy5taW5lY3JhZnQubmV0L3RleHR1cmUvZjI4OTliMDQxOWQ1OWYxZmY0ZWQxNmM1NzliNTEzNmEyNmNiOTAwZmM3MzE0MGMzN2ExYmU4M2MzODEyMDgzZCJ9fX0=,Dsclouse (Classics Admin)
2025-12-26T14:48:58.115133,10 Diamond,"1 Player Head ""BritishWanderer""","3356,62,5090",T,Player,,eyJ0ZXh0dXJlcyI6eyJTS0lOIjp7InVybCI6Imh0dHA6Ly90ZXh0dXJlcy5taW5lY3JhZnQubmV0L3RleHR1cmUvNjFhZjI5MWVmMmExNWZiYzQzZWM2YjVmMTdlYmJiYjc5ZGJjNGZjMzc2OTg2MTM0MGZkZDJhNjM2NWM4OTk5MCJ9fX0=,BritishWanderer (Superfriend)
2025-12-26T14:53:07.917161,1 Diamond,"1 Player Head ""Diet_Cola""","3355,62,5090",T,Player,,eyJ0ZXh0dXJlcyI6eyJTS0lOIjp7InVybCI6Imh0dHA6Ly90ZXh0dXJlcy5taW5lY3JhZnQubmV0L3RleHR1cmUvMjkxNDJjNzY4OGYwODQ0N2RkMGMxYWE2YjU3NjhiM2Q2NzY3YzY0ZWE5MzA0NmZkMzhlNTgzM2ZhNjcwMmVhMSJ9fX0=,Diet_Cola (Former Admin)
2025-12-26T14:53:10.237947,2 Diamond,1 Player Head,"3355,65,5090",T,Player,,ewogICJ0aW1lc3RhbXAiIDogMTY3NzM5MjIwNjQyOSwKICAicHJvZmlsZUlkIiA6ICJiNDE1ZDIzN2U0YjY0MjMwOTI5MTlmYzhjNWU3M2IwNiIsCiAgInByb2ZpbGVOYW1lIiA6ICJEaWV0Q29sYSIsCiAgInNpZ25hdHVyZVJlcXVpcmVkIiA6IHRydWUsCiAgInRleHR1cmVzIiA6IHsKICAgICJTS0lOIiA6IHsKICAgICAgInVybCIgOiAiaHR0cDovL3RleHR1cmVzLm1pbmVjcmFmdC5uZXQvdGV4dHVyZS83YjQ5MWQzODM0ZTJkYjBjY2NhYWNmYmQxOWM1MjM5NjBiM2EyOWFjMmU5ZTQ5MzZkMzY0NjYzNGNiNzIzZWE4IiwKICAgICAgIm1ldGFkYXRhIiA6IHsKICAgICAgICAibW9kZWwiIDogInNsaW0iCiAgICAgIH0KICAgIH0KICB9Cn0=,Fake DietCola (Factory Bug)
2025-12-26T14:53:12.600165,3 Diamond,1 Player Head,"3354,65,5090",T,Player,,ewogICJ0aW1lc3RhbXAiIDogMTY3MDQ4MTczMDU5OSwKICAicHJvZmlsZUlkIiA6ICI1NGI4NGUzOGFjODM0M2MwYjI4NThjNzE2MzM0MzQ4OCIsCiAgInByb2ZpbGVOYW1lIiA6ICJBaHJpbWFubmUiLAogICJzaWduYXR1cmVSZXF1aXJlZCIgOiB0cnVlLAogICJ0ZXh0dXJlcyIgOiB7CiAgICAiU0tJTiIgOiB7CiAgICAgICJ1cmwiIDogImh0dHA6Ly90ZXh0dXJlcy5taW5lY3JhZnQubmV0L3RleHR1cmUvYmE0NTNhMzlkMDJlNTZlYjM0MTk2OGEyMWZkMGFlN2I0MjgzZDA2NWM3MGUzYTZiZjlmNzA2ZTk0MWMwMzgyIiwKICAgICAgIm1ldGFkYXRhIiA6IHsKICAgICAgICAibW9kZWwiIDogInNsaW0iCiAgICAgIH0KICAgIH0KICB9Cn0=,Ahrimanne (Holiday Addition)
2025-12-26T14:53:14.293634,1 Diamond,"1 Player Head ""Ahrimanne""","3354,62,5090",T,Player,,ewogICJ0aW1lc3RhbXAiIDogMTcwMjgzMzIzNDE3MywKICAicHJvZmlsZUlkIiA6ICI1NGI4NGUzOGFjODM0M2MwYjI4NThjNzE2MzM0MzQ4OCIsCiAgInByb2ZpbGVOYW1lIiA6ICJBaHJpbWFubmUiLAogICJzaWduYXR1cmVSZXF1aXJlZCIgOiB0cnVlLAogICJ0ZXh0dXJlcyIgOiB7CiAgICAiU0tJTiIgOiB7CiAgICAgICJ1cmwiIDogImh0dHA6Ly90ZXh0dXJlcy5taW5lY3JhZnQubmV0L3RleHR1cmUvYWYwMzYxYjMwYWYyNGUwYWNiMTJiYjI1NGE0M2FhZDQ1ZGFkZTBkYTAyY2NjYjMzNzhhODVlZTEwZTBmOWEwMiIsCiAgICAgICJtZXRhZGF0YSIgOiB7CiAgICAgICAgIm1vZGVsIiA6ICJzbGltIgogICAgICB9CiAgICB9CiAgfQp9,Ahrimanne (Former Admin)
2025-12-26T14:53:17.087389,1 Diamond,1 Player Head,"3353,62,5090",T,Player,,ewogICJ0aW1lc3RhbXAiIDogMTY2MDgwODU0MjAxNiwKICAicHJvZmlsZUlkIiA6ICI4ZDQwOTBlMmMxNTg0YzFiYTc4ZmI5ZjBjN2FiYWM5YiIsCiAgInByb2ZpbGVOYW1lIiA6ICJCb25raWxsIiwKICAic2lnbmF0dXJlUmVxdWlyZWQiIDogdHJ1ZSwKICAidGV4dHVyZXMiIDogewogICAgIlNLSU4iIDogewogICAgICAidXJsIiA6ICJodHRwOi8vdGV4dHVyZXMubWluZWNyYWZ0Lm5ldC90ZXh0dXJlL2NiMjljZTZkMGY1NTNiNmIwYmQzN2YxNmY1NzE5ZmFiYzQ0NDM1YmQ0N2UzYWEzNjhhODBjODQ0MTQ4Y2Y3OWYiCiAgICB9LAogICAgIkNBUEUiIDogewogICAgICAidXJsIiA6ICJodHRwOi8vdGV4dHVyZXMubWluZWNyYWZ0Lm5ldC90ZXh0dXJlLzIzNDBjMGUwM2RkMjRhMTFiMTVhOGIzM2MyYTdlOWUzMmFiYjIwNTFiMjQ4MWQwYmE3ZGVmZDYzNWNhN2E5MzMiCiAgICB9CiAgfQp9,Bonkill (Past Civ Admin)
2025-12-26T14:53:23.693691,1 Diamond,1 Player Head,"3352,62,5090",T,Player,,ewogICJ0aW1lc3RhbXAiIDogMTY3MDEzNjM2OTU0NiwKICAicHJvZmlsZUlkIiA6ICIzZTc5MzI2NGEyNWE0YWE4ODEwNDBiYzQwOTY5NGU0YyIsCiAgInByb2ZpbGVOYW1lIiA6ICJNYXhvcG9seSIsCiAgInNpZ25hdHVyZVJlcXVpcmVkIiA6IHRydWUsCiAgInRleHR1cmVzIiA6IHsKICAgICJTS0lOIiA6IHsKICAgICAgInVybCIgOiAiaHR0cDovL3RleHR1cmVzLm1pbmVjcmFmdC5uZXQvdGV4dHVyZS84OWJjOGQzOGUxNThlNzgxNDE3OThhMGM1ZTc2MzRhNDYzYzAyMjdlMmQxZDUzMmMxMDgzZTNmZTc2MTNmZDQyIgogICAgfQogIH0KfQ==,Maxopoly (Classics Admin)
2025-12-26T14:53:45.562816,1 Diamond,1 Player Head,"3352,65,5090",F,Player,,eyJ0ZXh0dXJlcyI6eyJTS0lOIjp7InVybCI6Imh0dHA6Ly90ZXh0dXJlcy5taW5lY3JhZnQubmV0L3RleHR1cmUvNjQzZTA2YTVkNmQ1ZDIzZWM1NzhhYzZjYjE0NTFmZWViYzgxMGFhYTEwYWYyYTQzNGMzNDVjOWQ1MzkzZjIxOSJ9fX0=,RedDevel (Admin) 
2025-12-26T14:53:50.029588,1 Diamond,1 Player Head,"3351,65,5090",T,Player,,eyJ0ZXh0dXJlcyI6eyJTS0lOIjp7InVybCI6Imh0dHA6Ly90ZXh0dXJlcy5taW5lY3JhZnQubmV0L3RleHR1cmUvNjcwNTc3ODJhOTU5OTIyMzI5YzU2NTU4ODZmNGY4OWM1ZWM2Y2JkMmU1ZWZlNDY3NWQ1NDEwMWNiNzMwYmNkOCJ9fX0=,Okx (Admin)
2025-12-26T14:53:54.790125,1 Diamond,1 Player Head,"3351,62,5090",T,Player,,ewogICJ0aW1lc3RhbXAiIDogMTY3MjEyNDE2NDY5MiwKICAicHJvZmlsZUlkIiA6ICI2ZThlNGY2ZmE0MTQ0ZjEzOTYyYzZkOTE0MzYzNzg4YSIsCiAgInByb2ZpbGVOYW1lIiA6ICJTb3VuZFRlY2giLAogICJzaWduYXR1cmVSZXF1aXJlZCIgOiB0cnVlLAogICJ0ZXh0dXJlcyIgOiB7CiAgICAiU0tJTiIgOiB7CiAgICAgICJ1cmwiIDogImh0dHA6Ly90ZXh0dXJlcy5taW5lY3JhZnQubmV0L3RleHR1cmUvNWMwOTMyOGVhMGFiZGQ4ODQ0MGI3NjVmNjMwY2UxOTJjN2YyM2EzZDE4NjdkOGY4ODA3Mzg4ZjA2N2M4MDgxZSIKICAgIH0KICB9Cn0=,SoundTech (Former Admin)
2025-12-26T14:53:59.285744,2 Diamond,1 Player Head,"3350,62,5090",T,Player,,ewogICJ0aW1lc3RhbXAiIDogMTcyMzk5OTU2MjUxMiwKICAicHJvZmlsZUlkIiA6ICI4MzI2YmM1NjFlZDk0MGZmOGYyNDQ2YmYzZTMwMGU1MSIsCiAgInByb2ZpbGVOYW1lIiA6ICJ0dGsyIiwKICAic2lnbmF0dXJlUmVxdWlyZWQiIDogdHJ1ZSwKICAidGV4dHVyZXMiIDogewogICAgIlNLSU4iIDogewogICAgICAidXJsIiA6ICJodHRwOi8vdGV4dHVyZXMubWluZWNyYWZ0Lm5ldC90ZXh0dXJlLzFkMmE4NzIyMzI4MWQxZmEzNjM0MDIyODlkZTlmNGFjYThjY2FkNGQ3MTNhZWIwYzQyMzlkNzBhNjZjMmY1ZGUiCiAgICB9CiAgfQp9,ttk2 (Creator of Civ)
2025-12-26T14:54:01.112088,10 Diamond,1 Player Head,"3350,65,5090",F,Player,,ewogICJ0aW1lc3RhbXAiIDogMTY5MDI2NjA1MDA4NCwKICAicHJvZmlsZUlkIiA6ICI3NzFlODFjZDJmMTE0M2I0YmQ4NjczMWZlNDY4ZjEzMSIsCiAgInByb2ZpbGVOYW1lIiA6ICJXaW5nemVybzU0IiwKICAic2lnbmF0dXJlUmVxdWlyZWQiIDogdHJ1ZSwKICAidGV4dHVyZXMiIDogewogICAgIlNLSU4iIDogewogICAgICAidXJsIiA6ICJodHRwOi8vdGV4dHVyZXMubWluZWNyYWZ0Lm5ldC90ZXh0dXJlLzM3NTU5ZWNjMTBkN2EyMmM0ZmNiOGIyMzYwMTc0MDk3ZDcyZDkzNjgzMjQ3YTRiNjA3N2UwNGY5ZWU5ODkwMmIiCiAgICB9CiAgfQp9,Wingzero54 (Admin) 
2025-12-26T14:54:03.003961,4 Diamond,1 Player Head,"3349,65,5090",F,Player,,eyJ0ZXh0dXJlcyI6eyJTS0lOIjp7InVybCI6Imh0dHA6Ly90ZXh0dXJlcy5taW5lY3JhZnQubmV0L3RleHR1cmUvOGU5YWI0N2RmYjE5YzM0MDdkMWUyYmNhN2I4NTBlYmEzNGVhZjdjNGE0M2UyYzhmZDBhZGM2MWQyNTdmMzRkOCJ9fX0=,Paddington_Bear 
2025-12-26T14:54:05.757785,7 Diamond,1 Player Head,"3349,62,5090",T,Player,,eyJ0ZXh0dXJlcyI6eyJTS0lOIjp7InVybCI6Imh0dHA6Ly90ZXh0dXJlcy5taW5lY3JhZnQubmV0L3RleHR1cmUvZGNhNzY2NWQxMGIxMzFkZDg4ZWFiMTZjODU0YzMyMzhlYWI0YjhmN2MzZmYzMTJmYTY5YzRlMTM1Y2JmOGFkZCJ9fX0=,Gwua
2025-12-26T14:54:07.405980,1 Diamond,1 Player Head,"3348,62,5090",T,Nation,,eyJ0ZXh0dXJlcyI6eyJTS0lOIjp7InVybCI6Imh0dHA6Ly90ZXh0dXJlcy5taW5lY3JhZnQubmV0L3RleHR1cmUvMjZhNjg4NmU4NGVhZTViYTJiMmI2MDI0MzI0MjljNmZiMjg2OTFmYzAyZTlmOWNjYjVjNTdmMmNkZDBmMWQ4In19fQ==,Bag of Diamonds (Pavia)
2025-12-26T14:54:09.135764,1 Diamond,1 Player Head,"3348,65,5090",T,Nation,,eyJ0ZXh0dXJlcyI6eyJTS0lOIjp7InVybCI6Imh0dHA6Ly90ZXh0dXJlcy5taW5lY3JhZnQubmV0L3RleHR1cmUvOWRkODY3M2Y4NDJlNTBmMTMxYjM3N2M4NGI2ZmU1MWMyMTkxMDZkZjNmYmMwOTFhN2JjOTI2OWI5MWM2NjA1MiJ9fX0=,Monument Present (Pavia)
2025-12-26T14:54:10.575892,1 Diamond,1 Player Head,"3347,65,5090",T,Nation,,eyJ0ZXh0dXJlcyI6eyJTS0lOIjp7InVybCI6Imh0dHA6Ly90ZXh0dXJlcy5taW5lY3JhZnQubmV0L3RleHR1cmUvYTE0NDhkMmIxN2YxZDJjMjQ5MzdhYzkwOTMwNTgwMDUzYjMxOTlhYTA3MGMyYTc4OGQ0OWFjMGUxNjNmOWZhOCJ9fX0=,Tutelle (Lyrea)
2025-12-26T14:54:12.026750,1 Diamond,1 Player Head,"3347,62,5090",T,Nation,,eyJ0ZXh0dXJlcyI6eyJTS0lOIjp7InVybCI6Imh0dHA6Ly90ZXh0dXJlcy5taW5lY3JhZnQubmV0L3RleHR1cmUvODYwNjc5ZDA0YmQ3ZTIzMjVmZGYwZDE1ODNlMmMwY2Y4YWQ2NDQ4ZGIwZTU3NjA5NWJjZjI2MDU4ZTU1MzY3OCJ9fX0=,Lyrea Melon Fish (Lyrea)
2025-12-26T14:54:13.663119,1 Diamond,1 Player Head,"3346,62,5090",T,Nation,,eyJ0ZXh0dXJlcyI6eyJTS0lOIjp7InVybCI6Imh0dHA6Ly90ZXh0dXJlcy5taW5lY3JhZnQubmV0L3RleHR1cmUvYTFiZmVlODAxMGM2ODBhOTYxYmM4M2EyNWE1NGE1ODY1YjI0NGI2ZDFjYjdkYzc1YjYyMTlhOTM1NTUyOTYifX19,Gmall Crate (Estalia)
2025-12-26T14:54:15.098797,1 Diamond,1 Player Head,"3346,65,5090",T,Nation,,eyJ0ZXh0dXJlcyI6eyJTS0lOIjp7InVybCI6Imh0dHA6Ly90ZXh0dXJlcy5taW5lY3JhZnQubmV0L3RleHR1cmUvNWVmOWVmYTc0NDdhZjhmMTE2ZjhmOWQxNDZlMjZkNzEzYjIxNmFlMjA3NTUxZTBmYWYxNzdkZWRjZjcxMDI3In19fQ==,NordCo Container (VILYANZ!)
2025-12-26T14:54:16.606456,1 Diamond,1 Player Head,"3345,65,5090",T,Nation,,eyJ0ZXh0dXJlcyI6eyJTS0lOIjp7InVybCI6Imh0dHA6Ly90ZXh0dXJlcy5taW5lY3JhZnQubmV0L3RleHR1cmUvNWE3ZWNiNDM3YzYxNWQ5YzBkMzhkNmVjNjc5ODI2YTUyOGJmM2MyZWRiMTAwM2JiODdkZDkwOTllNWFhOWQ2In19fQ==,Amboise Token (Amboise)
2025-12-26T14:54:18.008056,1 Diamond,1 Player Head,"3345,62,5090",T,Nation,,eyJ0ZXh0dXJlcyI6eyJTS0lOIjp7InVybCI6Imh0dHA6Ly90ZXh0dXJlcy5taW5lY3JhZnQubmV0L3RleHR1cmUvZGNlN2FmZjRkMWI0ZTNjNWM0MDI5NWUxYWQ2ZmI2ZmQ0NjNhZjhlMmI1MjY4ZmZjMzg2NGEyMTgwNjZiNGNkNiJ9fX0=,Verdan Sun Fish (Verdan)
2025-12-26T14:54:19.480583,1 Diamond,1 Player Head,"3344,62,5090",T,Nation,,eyJ0ZXh0dXJlcyI6eyJTS0lOIjp7InVybCI6Imh0dHA6Ly90ZXh0dXJlcy5taW5lY3JhZnQubmV0L3RleHR1cmUvNDA2MjkxYzI2MTZmMjEwNTJhMzFkYmIzNDhmMTU0OGE4MDgzMzk5ZTA5NmFkMWIyNTBlMTZkYzhlMzJjYmJhOCJ9fX0=,Slothistan Sloth (Slothistan)
2025-12-26T14:54:20.882282,1 Diamond,1 Player Head,"3344,65,5090",T,Nation,,eyJ0ZXh0dXJlcyI6eyJTS0lOIjp7InVybCI6Imh0dHA6Ly90ZXh0dXJlcy5taW5lY3JhZnQubmV0L3RleHR1cmUvYjg5MDQyMDgyYmI3YTc2MThiNzg0ZWU3NjA1YTEzNGM1ODgzNGUyMWUzNzRjODg4OTM3MTYxMDU3ZjZjNyJ9fX0=,Aurora Sunleaker (Aurora)
2025-12-26T14:54:22.339143,1 Diamond,1 Player Head,"3343,65,5090",T,Nation,,eyJ0ZXh0dXJlcyI6eyJTS0lOIjp7InVybCI6Imh0dHA6Ly90ZXh0dXJlcy5taW5lY3JhZnQubmV0L3RleHR1cmUvN2U1MGYzMDNmMmE0NWY2MDgyMmU3ZGFkZjgwOTllZmQ3MDgxMjNhMGY3OTVhODA4NzIzOTMxZjVmOTBmN2YwNyJ9fX0=,Exyrian Guilttripper (Exyria)
2025-12-26T14:54:25.198277,1 Diamond,1 Player Head,"3342,62,5090",T,Nation,,eyJ0ZXh0dXJlcyI6eyJTS0lOIjp7InVybCI6Imh0dHA6Ly90ZXh0dXJlcy5taW5lY3JhZnQubmV0L3RleHR1cmUvZTc1ZmI3NGY2MDQzYWU4NzBmYTdkODlhNGI3NmZhZGM3MGUwMWNkODE3MTJjNWVhOWYzMTEyZjM5ZDhlMzg4NiJ9fX0=,Withervalen Eel (Wintervale)
2025-12-26T14:54:29.299466,1 Diamond,1 Player Head,"3343,62,5090",T,Nation,,eyJ0ZXh0dXJlcyI6eyJTS0lOIjp7InVybCI6Imh0dHA6Ly90ZXh0dXJlcy5taW5lY3JhZnQubmV0L3RleHR1cmUvNTZmYTc3NmZmZDA4ZjhmNTI4MjczMTdkMWYwMGUwMjBlOGNiYTdjZjhhOGViYzM3MzkwYTdkMjIxYmIwYTU2OCJ9fX0=,Great Exyrian Capybara (Exyria)
2025-12-26T14:54:37.292356,1 Diamond,1 Player Head,"3342,65,5090",T,Nation,,eyJ0ZXh0dXJlcyI6eyJTS0lOIjp7InVybCI6Imh0dHA6Ly90ZXh0dXJlcy5taW5lY3JhZnQubmV0L3RleHR1cmUvMWM1ZTZjNWI5ZGY5ZTI3ZWU1NjdiNjU1ZDBlZThhNWFjOGUxMWUxZjQ1YWJjY2U0NjI2NWNjMjFhNzk5YWMifX19,Volterran Rabid Beaver
2025-12-26T14:55:23.367140,1 Diamond,1 Player Head,"3341,62,5090",T,Nation,,eyJ0ZXh0dXJlcyI6eyJTS0lOIjp7InVybCI6Imh0dHA6Ly90ZXh0dXJlcy5taW5lY3JhZnQubmV0L3RleHR1cmUvODFkMjI4NTZlYzg0NDczNzA3OGRkMWQyMjNkMjE5ODI5MGY0MWY4ZTNhZWViN2MyNjVkM2UzMjk4ODc4YzFkNyJ9fX0=,Basaltington Frogfish (Basaltington)
2025-12-26T14:55:25.614026,1 Diamond,1 Player Head,"3341,65,5090",T,Nation,,eyJ0ZXh0dXJlcyI6eyJTS0lOIjp7InVybCI6Imh0dHA6Ly90ZXh0dXJlcy5taW5lY3JhZnQubmV0L3RleHR1cmUvYzM5ZDZiMzQ2NzM3MzYyMzk3YjJmYWYyYmU5YmZjMTI5MTk2ZDVhOGMwMmQ2NWZlNmNjOWYzM2ExZWMwMzJiMyJ9fX0=,Aspasian Ichthyosaur
2025-12-26T14:55:30.278099,1 Diamond,1 Player Head,"3340,65,5090",T,Nation,,eyJ0ZXh0dXJlcyI6eyJTS0lOIjp7InVybCI6Imh0dHA6Ly90ZXh0dXJlcy5taW5lY3JhZnQubmV0L3RleHR1cmUvNThiYWQyYzJkNDgzNzQxYWUwYTdiNGE0YmY0MzQyMTI3MGIwZTVkZWI0NjRkNGY4NWZkNzY4OGIxYTYwYjRlOSJ9fX0=,Kaltsburger (Kaltsburg)
2025-12-26T14:55:31.953975,1 Diamond,1 Player Head,"3340,62,5090",T,Nation,,eyJ0ZXh0dXJlcyI6eyJTS0lOIjp7InVybCI6Imh0dHA6Ly90ZXh0dXJlcy5taW5lY3JhZnQubmV0L3RleHR1cmUvNzQzZTU4NWEwNmExM2Y1NTQ0OWU3MTE5OWExOGNlZTVlYmMyN2JkMWI0NTI3ZmE5ZDI0MDlkOTU5ZWRhMTdlNyJ9fX0=,Lion Sculpture (Kaltsburg)
2025-12-26T14:55:33.492094,1 Diamond,1 Player Head,"3339,62,5090",T,Nation,,eyJ0ZXh0dXJlcyI6eyJTS0lOIjp7InVybCI6Imh0dHA6Ly90ZXh0dXJlcy5taW5lY3JhZnQubmV0L3RleHR1cmUvMWU4Nzc4ZjAwMWRjYmVmZmZhZGQ0M2U0NjY4YTEwMTFlZmVkODEyNTVkYzczNTZiNDY4M2U5MjUwZDAzMWZlZSJ9fX0=,Ancient Delon Bust (Kaltsburg)
2025-12-26T14:55:35.255360,1 Diamond,1 Player Head,"3339,65,5090",T,Nation,,eyJ0ZXh0dXJlcyI6eyJTS0lOIjp7InVybCI6Imh0dHA6Ly90ZXh0dXJlcy5taW5lY3JhZnQubmV0L3RleHR1cmUvZGY4NzRiYjViNmVmN2IzNDM0YTU4YjMxNDk2MjUyMTg2Mjk1YzM3OWJlOTk2OTM0ZDEwM2QxNWVhMjI1Y2JhMyJ9fX0=,Thi Sang Present
2025-12-26T14:55:36.922433,1 Diamond,1 Player Head,"3338,65,5090",T,Nation,,eyJ0ZXh0dXJlcyI6eyJTS0lOIjp7InVybCI6Imh0dHA6Ly90ZXh0dXJlcy5taW5lY3JhZnQubmV0L3RleHR1cmUvNDU1ODdkYTdmZTczMzZlOGFiOWY3OTFlYTVlMmNmYzhhODI3Y2E5NTk1NjdlYjlkNTNhNjQ3YmFiZjk0OGQ1In19fQ==,Thymmy Crown
2025-12-26T14:55:38.315535,1 Diamond,1 Player Head,"3338,62,5090",T,Nation,,eyJ0ZXh0dXJlcyI6eyJTS0lOIjp7InVybCI6Imh0dHA6Ly90ZXh0dXJlcy5taW5lY3JhZnQubmV0L3RleHR1cmUvNWFmODFjNjc2NTgzOTM0ZDUxYjcxNDJjODdlZGFlNmM0OWM2ZjY3YWZmMTYzZGI0NTcyOTdmMDMzYzU5NjRmMiJ9fX0=,Icenian Pale Ale (Icenia)
2025-12-26T14:55:40.270483,1 Diamond,1 Player Head,"3335,65,5090",T,Nation,,eyJ0ZXh0dXJlcyI6eyJTS0lOIjp7InVybCI6Imh0dHA6Ly90ZXh0dXJlcy5taW5lY3JhZnQubmV0L3RleHR1cmUvMzFiZTNhNGQyMDhjZDIxOTQ1YmQxOTUzYWRiODUyMDU1YzIyYzY1ZmViNzcwYTk1OTdlOTIxOWFiMjJhMTZiMCJ9fX0=,Surmadri Aurora Starfish (IF)
2025-12-26T14:55:42.532111,3 Iron Ingot,1 Player Head,"3333,62,5088",T,Blocks,,eyJ0ZXh0dXJlcyI6eyJTS0lOIjp7InVybCI6Imh0dHA6Ly90ZXh0dXJlcy5taW5lY3JhZnQubmV0L3RleHR1cmUvZDdkN2FkMmRjYjU3ZGZhOWYwMjNkYmI5OWI2OThmYzUzMDc1YzNlOWQ2NTQ1MDYxMzlhNjQ3YWM5MDdmZGRjNSJ9fX0=,Pumpkin
2025-12-26T14:55:44.534083,3 Iron Ingot,1 Player Head,"3333,65,5088",T,Blocks,,eyJ0ZXh0dXJlcyI6eyJTS0lOIjp7InVybCI6Imh0dHA6Ly90ZXh0dXJlcy5taW5lY3JhZnQubmV0L3RleHR1cmUvOWZhMjYxMDU0NWM1MTkzYjE3NzZmYWU2ZjVkNmYxNzU3OWQ2MDAyYWVhMDMyZjlmNTJiNTRiZDNiZmY1OWE1MSJ9fX0=,Ancient Debris
2025-12-26T14:55:46.056182,3 Iron Ingot,1 Player Head,"3333,65,5087",T,Blocks,,eyJ0ZXh0dXJlcyI6eyJTS0lOIjp7InVybCI6Imh0dHA6Ly90ZXh0dXJlcy5taW5lY3JhZnQubmV0L3RleHR1cmUvOTBiYjQxYTllZDJhNmI1NzQ2NGE3OTM4YTRlYmFmODlmM2UyYTM4NTZkYTZiZmY4NmJiNDQyZWZjNmZlNWRlNSJ9fX0=,Diamond Ore
2025-12-26T14:55:47.696175,3 Iron Ingot,1 Player Head,"3333,62,5087",T,Blocks,,eyJ0ZXh0dXJlcyI6eyJTS0lOIjp7InVybCI6Imh0dHA6Ly90ZXh0dXJlcy5taW5lY3JhZnQubmV0L3RleHR1cmUvYzNmZWQ1MTRjM2UyMzhjYTdhYzFjOTRiODk3ZmY2NzExYjFkYmU1MDE3NGFmYzIzNWM4ZjgwZDAyOSJ9fX0=,Melon
2025-12-26T14:55:49.240122,3 Iron Ingot,1 Player Head,"3333,62,5086",T,Blocks,,eyJ0ZXh0dXJlcyI6eyJTS0lOIjp7InVybCI6Imh0dHA6Ly90ZXh0dXJlcy5taW5lY3JhZnQubmV0L3RleHR1cmUvYTIxYmZkMDU1MjM2ZDZkMmM3NjRjMWY5YmE4MjY3ZTE5Y2U0NTM2NDNlMTVmNzkxZGNkMzI3MmQzNGQ2NjE3NSJ9fX0=,Water Basin (Andesite)
2025-12-26T14:55:50.851985,3 Iron Ingot,1 Player Head,"3333,65,5086",T,Blocks,,eyJ0ZXh0dXJlcyI6eyJTS0lOIjp7InVybCI6Imh0dHA6Ly90ZXh0dXJlcy5taW5lY3JhZnQubmV0L3RleHR1cmUvMzM4NmJmYWRlMWM4ZWM2ZjRlNjAyNmIzYjcwY2RkYmU4MjQ4NTBiOWMzOWZkZWNhZTRlNmMxZTg3ZTgwYzFjNCJ9fX0=,Gold Ore
2025-12-26T14:55:52.493036,3 Iron Ingot,1 Player Head,"3333,65,5085",T,Blocks,,eyJ0ZXh0dXJlcyI6eyJTS0lOIjp7InVybCI6Imh0dHA6Ly90ZXh0dXJlcy5taW5lY3JhZnQubmV0L3RleHR1cmUvODM4NWFhZWRkNzg0ZmFlZjhlOGY2Zjc4MmZhNDhkMDdjMmZjMmJiY2Y2ZmVhMWZiYzliOTg2MmQwNWQyMjhjMSJ9fX0=,Iron Ore
2025-12-26T14:55:53.975778,3 Iron Ingot,1 Player Head,"3333,62,5085",T,Blocks,,eyJ0ZXh0dXJlcyI6eyJTS0lOIjp7InVybCI6Imh0dHA6Ly90ZXh0dXJlcy5taW5lY3JhZnQubmV0L3RleHR1cmUvYmJmNmQzMWZhYjQ3MGM4MTc0YzdjMDFjOWI2YzUyM2EyNDQwZjEzYThlMTExZDUzZWM0YTIxNjI2YmVkMTZhNiJ9fX0=,Water Basin (Cauldron)
2025-12-26T14:55:55.485711,3 Iron Ingot,1 Player Head,"3333,62,5084",T,Blocks,,eyJ0ZXh0dXJlcyI6eyJTS0lOIjp7InVybCI6Imh0dHA6Ly90ZXh0dXJlcy5taW5lY3JhZnQubmV0L3RleHR1cmUvZGNiYWVhZDkzMWJlNTdkODU4NDE2ZWVlNGU1ZWY5ZjU5Mjg2MDg5NTM1OGU3ZTZkNTJhMmVkZTc3YzEzMmU5MyJ9fX0=,Jukebox
2025-12-26T14:55:56.976398,3 Iron Ingot,1 Player Head,"3333,65,5084",T,Blocks,,eyJ0ZXh0dXJlcyI6eyJTS0lOIjp7InVybCI6Imh0dHA6Ly90ZXh0dXJlcy5taW5lY3JhZnQubmV0L3RleHR1cmUvOWRjYzRiMmE3ZTMyZTkyMjAxYzU3YTNlMzUyMzY3YTU0MzYxOGRhZDdiMzUyNzhiOWQ2YWFmNmRiMTU4MWJjOSJ9fX0=,Hay Bale
2025-12-26T14:55:58.521186,3 Iron Ingot,1 Player Head,"3333,65,5083",T,Blocks,,eyJ0ZXh0dXJlcyI6eyJTS0lOIjp7InVybCI6Imh0dHA6Ly90ZXh0dXJlcy5taW5lY3JhZnQubmV0L3RleHR1cmUvMjg4NGFkYTRjNzRjMGY5NjE0NjkyNjJkOTU2OTc3YmFmYjBiMmQ3ZmVkOWM3YmRmMzVmNDUxOTllOWY2ZGRiYiJ9fX0=,Barrel
2025-12-26T14:56:00.150300,3 Iron Ingot,1 Player Head,"3333,62,5083",T,Blocks,,eyJ0ZXh0dXJlcyI6eyJTS0lOIjp7InVybCI6Imh0dHA6Ly90ZXh0dXJlcy5taW5lY3JhZnQubmV0L3RleHR1cmUvNmY2OGQ1MDliNWQxNjY5Yjk3MWRkMWQ0ZGYyZTQ3ZTE5YmNiMWIzM2JmMWE3ZmYxZGRhMjliZmM2ZjllYmYifX19,Chest
2025-12-26T14:56:01.592481,5 Iron Ingot,1 Player Head,"3333,62,5082",T,Blocks,,eyJ0ZXh0dXJlcyI6eyJTS0lOIjp7InVybCI6Imh0dHA6Ly90ZXh0dXJlcy5taW5lY3JhZnQubmV0L3RleHR1cmUvY2FkNTdkMWY2MDQ3OGFmNmFlMWI2YjFjMjhjZWU1MzRkNWRiYjhjOGNhYjg3OTYzZTljMmVmMGM2YWM1OCJ9fX0=,Pile of Logs
2025-12-26T14:56:03.487025,3 Iron Ingot,1 Player Head,"3333,65,5082",T,Blocks,,eyJ0ZXh0dXJlcyI6eyJTS0lOIjp7InVybCI6Imh0dHA6Ly90ZXh0dXJlcy5taW5lY3JhZnQubmV0L3RleHR1cmUvZjkyNDA4ZmU4ZDBhM2VmNTUzMTA2NWU5ZjU2NmMzMWFhNmViMzc0ODQwMzFhNDZlNDQ2NjYxNWRhZjY0ZjcwNSJ9fX0=,TNT
2025-12-26T14:56:05.296322,3 Iron Ingot,1 Player Head,"3333,65,5080",T,Plants,,eyJ0ZXh0dXJlcyI6eyJTS0lOIjp7InVybCI6Imh0dHA6Ly90ZXh0dXJlcy5taW5lY3JhZnQubmV0L3RleHR1cmUvZTEzNmVlZjgwMWIzMGY4Y2I2Y2Q2ZWQ1MzI1MDUyN2M5MjIwNWFkZWQxNDc3NjIwYTI3ZjVlNjJiYjg4YjA2MCJ9fX0=,Mold
2025-12-26T14:56:06.801538,3 Iron Ingot,1 Player Head,"3333,62,5080",T,Plants,,eyJ0ZXh0dXJlcyI6eyJTS0lOIjp7InVybCI6Imh0dHA6Ly90ZXh0dXJlcy5taW5lY3JhZnQubmV0L3RleHR1cmUvYzM1MjU3Yjc5OWQzOTQ2OTI3ZjJiMzI1ZDM2NmViNTEwNGE1YzM1MjE5ZWU0ZTRkMzU3MjFiZjI4YTIxMCJ9fX0=,Potted Azalea Plant
2025-12-26T14:56:08.873098,3 Iron Ingot,1 Player Head,"3333,62,5079",T,Plants,,eyJ0ZXh0dXJlcyI6eyJTS0lOIjp7InVybCI6Imh0dHA6Ly90ZXh0dXJlcy5taW5lY3JhZnQubmV0L3RleHR1cmUvOWRjNGMxMmJmMjYxOWNiZmM4ZjIyZGM2MmMwMjJjZTE1MTI2Y2VhM2UyMTJjMjhkOWY5NmVhMzEwYWM0YzQyIn19fQ==,Potted Camellia Plant
2025-12-26T14:56:10.646280,3 Iron Ingot,1 Player Head,"3333,62,5078",T,Plants,,eyJ0ZXh0dXJlcyI6eyJTS0lOIjp7InVybCI6Imh0dHA6Ly90ZXh0dXJlcy5taW5lY3JhZnQubmV0L3RleHR1cmUvMzk0NmRhNTViYWMyMTMxYzVjNGE4YTc3MTYyYWIyMWQzODViNTVhNWFiM2JmM2I2YjQ1MjFlOTIxYjc2OWUifX19,Flower Basket
2025-12-26T14:56:12.226485,3 Iron Ingot,1 Player Head,"3333,62,5077",T,Plants,,eyJ0ZXh0dXJlcyI6eyJTS0lOIjp7InVybCI6Imh0dHA6Ly90ZXh0dXJlcy5taW5lY3JhZnQubmV0L3RleHR1cmUvNGM4ZWM3N2JhNDllOGNiMjExYzMyMWY0ZmI2OTQ1OGMxNTgzYTEzMzY4YjdjZjZlZTNmY2ExOTM0YzRhZjA0OSJ9fX0=,Potted Bush
2025-12-26T14:56:13.680205,3 Iron Ingot,1 Player Head,"3333,65,5077",T,Plants,,eyJ0ZXh0dXJlcyI6eyJTS0lOIjp7InVybCI6Imh0dHA6Ly90ZXh0dXJlcy5taW5lY3JhZnQubmV0L3RleHR1cmUvNDIzMTkwOGEzMjM1YTYxZWYzMzI4MjE3ZTRkOWM4OTRjMzQ1M2Q2ZjAwZDZmM2ZhOGZmMzlmMjQ5ZjQ0NzAwYSJ9fX0=,Flowered Stone
2025-12-26T14:56:15.081341,3 Iron Ingot,1 Player Head,"3333,65,5078",T,Plants,,eyJ0ZXh0dXJlcyI6eyJTS0lOIjp7InVybCI6Imh0dHA6Ly90ZXh0dXJlcy5taW5lY3JhZnQubmV0L3RleHR1cmUvZmE1ODdmOTYyNzAxNWNkOWE5OGQ3MGFhNTM0MzQ1MDI0N2Y0MzI5YzZiNTM0NTJhMjljNWMzYTNkNDU5OTBhZCJ9fX0=,Flowering Bush
2025-12-26T14:56:16.526523,3 Iron Ingot,1 Player Head,"3333,65,5079",T,Plants,,eyJ0ZXh0dXJlcyI6eyJTS0lOIjp7InVybCI6Imh0dHA6Ly90ZXh0dXJlcy5taW5lY3JhZnQubmV0L3RleHR1cmUvZDNjODY0MjNmYTI3OTU0ZjQ5ZDUzNGEzYWZkMTk4ZGZmN2U0MDViMDUxNTA0ZTkxOGIxY2M2ZWM1NDA0OGQ5NiJ9fX0=,Flower Crown
2025-12-26T14:57:08.391124,3 Iron Ingot,1 Player Head,"3335,62,5075",T,Indoor,,eyJ0ZXh0dXJlcyI6eyJTS0lOIjp7InVybCI6Imh0dHA6Ly90ZXh0dXJlcy5taW5lY3JhZnQubmV0L3RleHR1cmUvZjgwOTRmOGFmNzM0NTg0OWI5M2Q5NmE0NTQyODM0MmFmY2E4OWMwNWM5MDk5OGM5ZTc5YjEzOWRkODNjOTVhMCJ9fX0=,Fish Bowl
2025-12-26T14:57:11.234560,3 Iron Ingot,1 Player Head,"3335,65,5075",T,Indoor,,eyJ0ZXh0dXJlcyI6eyJTS0lOIjp7InVybCI6Imh0dHA6Ly90ZXh0dXJlcy5taW5lY3JhZnQubmV0L3RleHR1cmUvMzJjYmJjNDBmYmE2MDg0ODczNWFkNjQ4ZjNhYmM0OWRiNmI0YWI3MTBhYWRmZjlkY2I1MjdmMTYxZjA4MGIxYiJ9fX0=,Test Tubes
2025-12-26T14:57:12.583460,3 Iron Ingot,1 Player Head,"3336,65,5075",T,Indoor,,eyJ0ZXh0dXJlcyI6eyJTS0lOIjp7InVybCI6Imh0dHA6Ly90ZXh0dXJlcy5taW5lY3JhZnQubmV0L3RleHR1cmUvZTgyNTQxOWU0MjlhZmMwNDBjOWU2OGIxMDUyM2I5MTdkN2I4MDg3ZDYzZTc2NDhiMTA4MDdkYThiNzY4ZWUifX19,Newspaper
2025-12-26T14:57:14.075114,3 Iron Ingot,1 Player Head,"3336,62,5075",T,Indoor,,eyJ0ZXh0dXJlcyI6eyJTS0lOIjp7InVybCI6Imh0dHA6Ly90ZXh0dXJlcy5taW5lY3JhZnQubmV0L3RleHR1cmUvNzRiODlhZDA2ZDMxOGYwYWUxZWVhZjY2MGZlYTc4YzM0ZWI1NWQwNWYwMWUxY2Y5OTlmMzMxZmIzMmQzODk0MiJ9fX0=,Box of Documents
2025-12-26T14:57:24.120750,3 Iron Ingot,1 Player Head,"3337,62,5075",T,Decoration,,eyJ0ZXh0dXJlcyI6eyJTS0lOIjp7InVybCI6Imh0dHA6Ly90ZXh0dXJlcy5taW5lY3JhZnQubmV0L3RleHR1cmUvNzMzYjFhZDUxNzA5NjU2NGMwYThhZmQyOGMxZWQ2OWJiNTUzNzc1NWNhNzdmMGI0NWMxZTVkYjc4NjY1Mzg0ZiJ9fX0=,Cardboard Box
2025-12-26T14:57:26.127983,3 Iron Ingot,1 Player Head,"3337,65,5075",T,Decoration,,eyJ0ZXh0dXJlcyI6eyJTS0lOIjp7InVybCI6Imh0dHA6Ly90ZXh0dXJlcy5taW5lY3JhZnQubmV0L3RleHR1cmUvZDAzZTE5NjM0YjAwNzUxZTdiOWM4MDM1ZmQ5ZWQ0OThlMDcwY2FkMzI5OWNkNmJhZTlkOTk0ZGIzYmRjOTFhIn19fQ==,Trash Can
2025-12-26T14:57:27.599589,3 Iron Ingot,1 Player Head,"3338,65,5075",T,Indoor,,eyJ0ZXh0dXJlcyI6eyJTS0lOIjp7InVybCI6Imh0dHA6Ly90ZXh0dXJlcy5taW5lY3JhZnQubmV0L3RleHR1cmUvYzk0ZTI1NGYyMjdlYzk0YWRkZjM5NGVmNWMxNWNkNTBmYjJlYjUyZmUyMWYwOTA5ODI5NjZjY2QwODcxMCJ9fX0=,Rubiks Cube
2025-12-26T14:57:29.266169,3 Iron Ingot,1 Player Head,"3338,62,5075",T,Decoration,,eyJ0ZXh0dXJlcyI6eyJTS0lOIjp7InVybCI6Imh0dHA6Ly90ZXh0dXJlcy5taW5lY3JhZnQubmV0L3RleHR1cmUvNmNjZDc1M2RiMTlmYmZjZDNhNTRmNmZkZDBhYTQ1ZDFhM2JmMjVjNjM3ZDY2N2M0M2U2NDZiMWEzOTBmYTYyZCJ9fX0=,Dice
2025-12-26T14:57:31.129056,3 Iron Ingot,1 Player Head,"3339,62,5075",T,Indoor,,eyJ0ZXh0dXJlcyI6eyJTS0lOIjp7InVybCI6Imh0dHA6Ly90ZXh0dXJlcy5taW5lY3JhZnQubmV0L3RleHR1cmUvMTQ4YThjNTU4OTFkZWM3Njc2NDQ0OWY1N2JhNjc3YmUzZWU4OGEwNjkyMWNhOTNiNmNjN2M5NjExYTdhZiJ9fX0=,Radio
2025-12-26T14:57:33.050948,3 Iron Ingot,1 Player Head,"3339,65,5075",T,Decoration,,eyJ0ZXh0dXJlcyI6eyJTS0lOIjp7InVybCI6Imh0dHA6Ly90ZXh0dXJlcy5taW5lY3JhZnQubmV0L3RleHR1cmUvNjZmODgxMDcwNDFmZjFhZDg0YjBhNGFlOTcyOThiZDNkNmI1OWQwNDAyY2JjNjc5YmQyZjc3MzU2ZDQ1NGJjNCJ9fX0=,Camera
2025-12-26T14:57:34.557945,3 Iron Ingot,1 Player Head,"3340,65,5075",T,Indoor,,eyJ0ZXh0dXJlcyI6eyJTS0lOIjp7InVybCI6Imh0dHA6Ly90ZXh0dXJlcy5taW5lY3JhZnQubmV0L3RleHR1cmUvMTVjMjkyYTI0ZjU0YTdhNDM3ODUyNjY1NTJkYmE3YTE4NGY5YzUwZTBkOTRiMzM3ZDhkM2U3NmU5ZTljY2U3In19fQ==,Computer Monitor
2025-12-26T14:57:36.261540,3 Iron Ingot,1 Player Head,"3340,62,5075",T,Indoor,,eyJ0ZXh0dXJlcyI6eyJTS0lOIjp7InVybCI6Imh0dHA6Ly90ZXh0dXJlcy5taW5lY3JhZnQubmV0L3RleHR1cmUvNWRmNGE2ODE3MDJiZjRiMDJkZTIwMTExOTRhMDI1OGVhY2E3MDgzMmYyYzRlYmY5NjVlMDIyNDMyNDYwNGM4ZCJ9fX0=,TV Monitor
2025-12-26T14:57:37.836195,3 Iron Ingot,1 Player Head,"3341,62,5075",T,Decoration,,eyJ0ZXh0dXJlcyI6eyJTS0lOIjp7InVybCI6Imh0dHA6Ly90ZXh0dXJlcy5taW5lY3JhZnQubmV0L3RleHR1cmUvZDcwNmIwNWQyZWVlNjU0NDAxNWM4YTY0M2NhNWQzNTcyZjNkOTAwM2M5ZDA4NDJhYjUxNzMyNTgyYmQ4ZDhlOSJ9fX0=,Compass
2025-12-26T14:57:39.390727,3 Iron Ingot,1 Player Head,"3341,65,5075",T,Indoor,,eyJ0ZXh0dXJlcyI6eyJTS0lOIjp7InVybCI6Imh0dHA6Ly90ZXh0dXJlcy5taW5lY3JhZnQubmV0L3RleHR1cmUvYjFkZDRmZTRhNDI5YWJkNjY1ZGZkYjNlMjEzMjFkNmVmYTZhNmI1ZTdiOTU2ZGI5YzVkNTljOWVmYWIyNSJ9fX0=,Globe
2025-12-26T14:57:40.793616,3 Iron Ingot,1 Player Head,"3342,65,5075",T,Indoor,,eyJ0ZXh0dXJlcyI6eyJTS0lOIjp7InVybCI6Imh0dHA6Ly90ZXh0dXJlcy5taW5lY3JhZnQubmV0L3RleHR1cmUvMjFjNjNkOWI5ZmQ4NzQyZWFlYjA0YzY5MjE3MmNiOWRhNDM3ODE2OThhNTc1Y2RhYmUxYzA0ZGYxMmMzZiJ9fX0=,Pile of Books
2025-12-26T14:57:42.154730,3 Iron Ingot,1 Player Head,"3342,62,5075",T,Indoor,,eyJ0ZXh0dXJlcyI6eyJTS0lOIjp7InVybCI6Imh0dHA6Ly90ZXh0dXJlcy5taW5lY3JhZnQubmV0L3RleHR1cmUvYjQyZmY2ODhhOWMyMWU0NjRjNGE5MDhiM2MxNGZjODI2ODk2OTRhMTU2OWZkYWZiNjE1ZmEzNGEzYjczMDlmNSJ9fX0=,Old Books
2025-12-26T14:57:43.430601,3 Iron Ingot,1 Player Head,"3343,62,5075",T,Decoration,,eyJ0ZXh0dXJlcyI6eyJTS0lOIjp7InVybCI6Imh0dHA6Ly90ZXh0dXJlcy5taW5lY3JhZnQubmV0L3RleHR1cmUvYzgwN2VkNjY5NTBjZGEzMWQwOTZhNGNjM2ZmZjFmOTYxM2ExZGQyMzQwNWViOTM3NzZhNzQxOTdlOTRiZDk2NSJ9fX0=,Clean Clothes
2025-12-26T14:57:44.857341,3 Iron Ingot,1 Player Head,"3343,65,5075",T,Indoor,,eyJ0ZXh0dXJlcyI6eyJTS0lOIjp7InVybCI6Imh0dHA6Ly90ZXh0dXJlcy5taW5lY3JhZnQubmV0L3RleHR1cmUvZWVlOGQ2ZjVjYjdhMzVhNGRkYmRhNDZmMDQ3ODkxNWRkOWViYmNlZjkyNGViOGNhMjg4ZTkxZDE5YzhjYiJ9fX0=,Fancy Books
2025-12-26T14:57:46.341146,3 Iron Ingot,1 Player Head,"3344,65,5075",T,Indoor,,eyJ0ZXh0dXJlcyI6eyJTS0lOIjp7InVybCI6Imh0dHA6Ly90ZXh0dXJlcy5taW5lY3JhZnQubmV0L3RleHR1cmUvMmRlNGUyNzgzZjg1YTM5MTIyMWRkOTE2NTZiYTY4OGU3ZTQyZDE2ZjZhYmJmYmNmYWQ5Y2E1MzYxN2ZjYTYifX19,Clock
2025-12-26T14:57:48.005822,3 Iron Ingot,1 Player Head,"3344,62,5075",T,Indoor,,eyJ0ZXh0dXJlcyI6eyJTS0lOIjp7InVybCI6Imh0dHA6Ly90ZXh0dXJlcy5taW5lY3JhZnQubmV0L3RleHR1cmUvYjhlYmI3NGY2NjUzZGZmMTI1NDgxNTkzZjc5ZjU3MzJmMjU2NzI5Y2MxNjQyNmE3MzAwNGNmMzc2OTdhMGRmZCJ9fX0=,Fancy Clock
2025-12-26T14:57:50.489212,3 Iron Ingot,1 Player Head,"3345,65,5075",T,Decoration,,eyJ0ZXh0dXJlcyI6eyJTS0lOIjp7InVybCI6Imh0dHA6Ly90ZXh0dXJlcy5taW5lY3JhZnQubmV0L3RleHR1cmUvNDJmNTdjOWVlZDlmOTBiN2MzM2IwYTQ0NzU2ODE1MGNiN2I1ZWM2MmFmZGRmMjgwYjRmOTgxZmZkNDgwYTc2NiJ9fX0=,Green Potion
2025-12-26T14:57:53.413034,3 Iron Ingot,1 Player Head,"3346,65,5075",T,Decoration,,eyJ0ZXh0dXJlcyI6eyJTS0lOIjp7InVybCI6Imh0dHA6Ly90ZXh0dXJlcy5taW5lY3JhZnQubmV0L3RleHR1cmUvZmUzOTllMmMyM2JhMGU4Y2M5MjA5MjQxYmNhNWFhY2JiZThlNDMyYmFjMjIzYzZlODkyZjRhOThmMDYxM2IxOCJ9fX0=,Sugar Potion
2025-12-26T14:57:54.892316,3 Iron Ingot,1 Player Head,"3347,65,5075",T,Decoration,,eyJ0ZXh0dXJlcyI6eyJTS0lOIjp7InVybCI6Imh0dHA6Ly90ZXh0dXJlcy5taW5lY3JhZnQubmV0L3RleHR1cmUvN2IzMjYxN2FlMDMxMTYzYmFmNTQ5YjZlMTEzZjZjNDAxNDcwZmFhYzRiZGJlOWJlYjc1YzE5ZDlhYWQ4M2Y4ZSJ9fX0=,Gold Jar
2025-12-26T14:57:56.185601,3 Iron Ingot,1 Player Head,"3348,65,5075",T,Decoration,,eyJ0ZXh0dXJlcyI6eyJTS0lOIjp7InVybCI6Imh0dHA6Ly90ZXh0dXJlcy5taW5lY3JhZnQubmV0L3RleHR1cmUvMmE1ZWNjNTc1ZWI5MWRlZWVkMmJjOGY4NGM1ZjMyZmJhNDM5N2IyNWQwOWE2ZWYwNTAxZjQwYzRmZmExOTg1NSJ9fX0=,Silver Jar
2025-12-26T14:57:57.915306,3 Iron Ingot,1 Player Head,"3349,65,5075",T,Decoration,,eyJ0ZXh0dXJlcyI6eyJTS0lOIjp7InVybCI6Imh0dHA6Ly90ZXh0dXJlcy5taW5lY3JhZnQubmV0L3RleHR1cmUvZGRiYjBiYTAyOWI5YjEzZTg1YWE3ZGM1YWNlZDQxZDhmYWI1ZjZkMDk1OWNhN2M5M2QwMGY4OTYyZWY4MDllMCJ9fX0=,Bronze Jar
2025-12-26T14:57:59.321996,3 Iron Ingot,1 Player Head,"3350,65,5075",T,Decoration,,eyJ0ZXh0dXJlcyI6eyJTS0lOIjp7InVybCI6Imh0dHA6Ly90ZXh0dXJlcy5taW5lY3JhZnQubmV0L3RleHR1cmUvNWE1YWIwNWVhMjU0YzMyZTNjNDhmM2ZkY2Y5ZmQ5ZDc3ZDNjYmEwNGU2YjVlYzJlNjhiM2NiZGNmYWMzZmQifX19,Beach Ball
2025-12-26T14:58:00.686648,3 Iron Ingot,1 Player Head,"3351,65,5075",T,Decoration,,eyJ0ZXh0dXJlcyI6eyJTS0lOIjp7InVybCI6Imh0dHA6Ly90ZXh0dXJlcy5taW5lY3JhZnQubmV0L3RleHR1cmUvYWE0YjdlODc4MjFkYjRlNmU0MmU3OGQ3ZjI2MGI2Mzc5OTNkNmJlOGRlOTRmNDNlNDMxNzViYWZmOTFmNSJ9fX0=,Sandcastle
2025-12-26T14:58:02.059458,3 Iron Ingot,1 Player Head,"3352,65,5075",T,Decoration,,eyJ0ZXh0dXJlcyI6eyJTS0lOIjp7InVybCI6Imh0dHA6Ly90ZXh0dXJlcy5taW5lY3JhZnQubmV0L3RleHR1cmUvZDQzZDRiN2FjMjRhMWQ2NTBkZGY3M2JkMTQwZjQ5ZmMxMmQyNzM2ZmMxNGE4ZGMyNWMwZjNmMjlkODVmOGYifX19,Pokeball
2025-12-26T14:58:03.433138,3 Iron Ingot,1 Player Head,"3353,65,5075",T,Decoration,,eyJ0ZXh0dXJlcyI6eyJTS0lOIjp7InVybCI6Imh0dHA6Ly90ZXh0dXJlcy5taW5lY3JhZnQubmV0L3RleHR1cmUvYTQyZmFmYzhmYmRjZmVlZjhjYzkzNTExZjRlYjIxZTg0MjlhY2I5MmVmZjE1ZGRlYmZhYmMzMDBiNTBhN2JmNSJ9fX0=,Japanese Lantern
2025-12-26T14:58:04.766108,3 Iron Ingot,1 Player Head,"3354,65,5075",T,Decoration,,eyJ0ZXh0dXJlcyI6eyJTS0lOIjp7InVybCI6Imh0dHA6Ly90ZXh0dXJlcy5taW5lY3JhZnQubmV0L3RleHR1cmUvNjRkZDQ1YzU0ZmZlZTExMTUxYzFlMzk3Y2YzZmQxMjJhOThhMWExYzllZDI5ZDlkYTljYTEzYjMxMjFmOSJ9fX0=,Geisha Doll
2025-12-26T14:58:06.478345,3 Iron Ingot,1 Player Head,"3355,65,5075",T,Emoji,,eyJ0ZXh0dXJlcyI6eyJTS0lOIjp7InVybCI6Imh0dHA6Ly90ZXh0dXJlcy5taW5lY3JhZnQubmV0L3RleHR1cmUvZjRlYTJkNmY5MzlmZWZlZmY1ZDEyMmU2M2RkMjZmYThhNDI3ZGY5MGIyOTI4YmMxZmE4OWE4MjUyYTdlIn19fQ==,Wink Emoji
2025-12-26T14:58:30.651374,3 Iron Ingot,1 Player Head,"3355,62,5075",T,Decoration,,eyJ0ZXh0dXJlcyI6eyJTS0lOIjp7InVybCI6Imh0dHA6Ly90ZXh0dXJlcy5taW5lY3JhZnQubmV0L3RleHR1cmUvNzRjNjAxNjk0OGY0MmRhZmJhY2YwMTlkZmQ3ZjQ5MWU2OTM3NDJjNjU5YzU4ZjY2YWY4NzBlYjM1YmIwNWFjMyJ9fX0=,Scarecrow
2025-12-26T14:58:34.641607,3 Iron Ingot,1 Player Head,"3354,62,5075",T,Decoration,,eyJ0ZXh0dXJlcyI6eyJTS0lOIjp7InVybCI6Imh0dHA6Ly90ZXh0dXJlcy5taW5lY3JhZnQubmV0L3RleHR1cmUvNDVjYTVlODVjNGFlYTYwOGJkMzQ0M2NhYmRmMWMyYmRkZTNiNDMxYWQzYWEzOGZmZmUwNGEzMmViN2U1MjUifX19,Ming Vase
2025-12-26T14:58:36.281490,3 Iron Ingot,1 Player Head,"3353,62,5075",T,Decoration,,eyJ0ZXh0dXJlcyI6eyJTS0lOIjp7InVybCI6Imh0dHA6Ly90ZXh0dXJlcy5taW5lY3JhZnQubmV0L3RleHR1cmUvODM0NTI5NjRmMWNiYjg5MTQ2Njg0YWE1NTYzOTBhOThjZjM0MmNhOTdjZWZhNmE5Mjk0YTVkMzZlZGQ5MzBmOSJ9fX0=,Japanese Lamp
2025-12-26T14:58:37.781896,3 Iron Ingot,1 Player Head,"3352,62,5075",T,Decoration,,eyJ0ZXh0dXJlcyI6eyJTS0lOIjp7InVybCI6Imh0dHA6Ly90ZXh0dXJlcy5taW5lY3JhZnQubmV0L3RleHR1cmUvZjdjN2RmNTJiNWU1MGJhZGI2MWZlZDcyMTJkOTc5ZTYzZmU5NGYxYmRlMDJiMjk2OGM2YjE1NmE3NzAxMjZjIn19fQ==,Medkit
2025-12-26T14:58:39.225525,3 Iron Ingot,1 Player Head,"3351,62,5075",T,Decoration,,eyJ0ZXh0dXJlcyI6eyJTS0lOIjp7InVybCI6Imh0dHA6Ly90ZXh0dXJlcy5taW5lY3JhZnQubmV0L3RleHR1cmUvOTdmODJhY2ViOThmZTA2OWU4YzE2NmNlZDAwMjQyYTc2NjYwYmJlMDcwOTFjOTJjZGRlNTRjNmVkMTBkY2ZmOSJ9fX0=,Birdhouse
2025-12-26T14:58:40.664179,3 Iron Ingot,1 Player Head,"3350,62,5075",T,Decoration,,eyJ0ZXh0dXJlcyI6eyJTS0lOIjp7InVybCI6Imh0dHA6Ly90ZXh0dXJlcy5taW5lY3JhZnQubmV0L3RleHR1cmUvMWEyZjQ2YjIwOWMyOWVjNjc3ZDcyODI0ZjgyZDEwMWM4Yzc1ZjgwZWNlZGViMTBjMjI2YTc4MmQ1NTkxNDNmMiJ9fX0=,Pipe Exhaust
2025-12-26T14:58:42.088457,3 Iron Ingot,1 Player Head,"3349,62,5075",T,Decoration,,eyJ0ZXh0dXJlcyI6eyJTS0lOIjp7InVybCI6Imh0dHA6Ly90ZXh0dXJlcy5taW5lY3JhZnQubmV0L3RleHR1cmUvNWU2NmViNTM1MDZlYjI5OTljMzliODE2MmE5MjBhMzEzMjk2YjIzNDUzNjVjOWMyMjMyYjg1ZmNlY2I5NTE3MCJ9fX0=,Jar of Dragon's Breath
2025-12-26T14:58:43.439100,3 Iron Ingot,1 Player Head,"3348,62,5075",T,Decoration,,eyJ0ZXh0dXJlcyI6eyJTS0lOIjp7InVybCI6Imh0dHA6Ly90ZXh0dXJlcy5taW5lY3JhZnQubmV0L3RleHR1cmUvMTA4OTFlNzY2NmE0MWQxM2FlMTM5YTE5Njk2OGFjY2U4YTA1NGQ4NGRkODMwNGNlYWRkMjhhODc4OTg4M2IyNiJ9fX0=,Soul Jar
2025-12-26T14:58:45.004191,3 Iron Ingot,1 Player Head,"3347,62,5075",T,Decoration,,eyJ0ZXh0dXJlcyI6eyJTS0lOIjp7InVybCI6Imh0dHA6Ly90ZXh0dXJlcy5taW5lY3JhZnQubmV0L3RleHR1cmUvMzU2NDU2ZDExMWIwODMxZDMwM2QxYTFiZWIyN2JjZmJlODE5N2YxNzZiMWIxYmVhNjgwOGQyNWZhZDY0YmQ1MCJ9fX0=,Jar of Spider Eyes
2025-12-26T14:58:46.555066,3 Iron Ingot,1 Player Head,"3346,62,5075",T,Decoration,,eyJ0ZXh0dXJlcyI6eyJTS0lOIjp7InVybCI6Imh0dHA6Ly90ZXh0dXJlcy5taW5lY3JhZnQubmV0L3RleHR1cmUvOTVmZDY3ZDU2ZmZjNTNmYjM2MGExNzg3OWQ5YjUzMzhkNzMzMmQ4ZjEyOTQ5MWE1ZTE3ZThkNmU4YWVhNmMzYSJ9fX0=,Bag of Gold Coins
2025-12-26T14:58:57.750140,1 Diamond,1 Player Head,"3358,65,5075",F,Letters,,eyJ0ZXh0dXJlcyI6eyJTS0lOIjp7InVybCI6Imh0dHA6Ly90ZXh0dXJlcy5taW5lY3JhZnQubmV0L3RleHR1cmUvNmQ2ODM0M2JkMGIxMjlkZTkzY2M4ZDNiYmEzYjk3YTJmYWE3YWRlMzhkOGE2ZTJiODY0Y2Q4NjhjZmFiIn19fQ==,0 
2025-12-26T14:59:00.059816,1 Diamond,1 Player Head,"3359,65,5075",T,Letters,,eyJ0ZXh0dXJlcyI6eyJTS0lOIjp7InVybCI6Imh0dHA6Ly90ZXh0dXJlcy5taW5lY3JhZnQubmV0L3RleHR1cmUvZDJhNmYwZTg0ZGFlZmM4YjIxYWE5OTQxNWIxNmVkNWZkYWE2ZDhkYzBjM2NkNTkxZjQ5Y2E4MzJiNTc1In19fQ==,1
2025-12-26T14:59:01.932815,1 Diamond,1 Player Head,"3360,65,5075",F,Letters,,eyJ0ZXh0dXJlcyI6eyJTS0lOIjp7InVybCI6Imh0dHA6Ly90ZXh0dXJlcy5taW5lY3JhZnQubmV0L3RleHR1cmUvOTZmYWI5OTFkMDgzOTkzY2I4M2U0YmNmNDRhMGI2Y2VmYWM2NDdkNDE4OWVlOWNiODIzZTljYzE1NzFlMzgifX19,2 
2025-12-26T14:59:04.067354,1 Diamond,1 Player Head,"3362,65,5075",F,Letters,,eyJ0ZXh0dXJlcyI6eyJTS0lOIjp7InVybCI6Imh0dHA6Ly90ZXh0dXJlcy5taW5lY3JhZnQubmV0L3RleHR1cmUvZDE5OGQ1NjIxNjE1NjExNDI2NTk3M2MyNThmNTdmYzc5ZDI0NmJiNjVlM2M3N2JiZTgzMTJlZTM1ZGI2In19fQ==,4 
2025-12-26T14:59:05.510803,1 Diamond,1 Player Head,"3363,65,5075",F,Letters,,eyJ0ZXh0dXJlcyI6eyJTS0lOIjp7InVybCI6Imh0dHA6Ly90ZXh0dXJlcy5taW5lY3JhZnQubmV0L3RleHR1cmUvN2ZiOTFiYjk3NzQ5ZDZhNmVlZDQ0NDlkMjNhZWEyODRkYzRkZTZjMzgxOGVlYTVjN2UxNDlkZGRhNmY3YzkifX19,5 
2025-12-26T14:59:07.217063,1 Diamond,1 Player Head,"3364,65,5075",F,Letters,,eyJ0ZXh0dXJlcyI6eyJTS0lOIjp7InVybCI6Imh0dHA6Ly90ZXh0dXJlcy5taW5lY3JhZnQubmV0L3RleHR1cmUvOWM2MTNmODBhNTU0OTE4YzdhYjJjZDRhMjc4NzUyZjE1MTQxMmE0NGE3M2Q3YTI4NmQ2MWQ0NWJlNGVhYWUxIn19fQ==,6 
2025-12-26T14:59:08.618140,1 Diamond,1 Player Head,"3365,65,5075",F,Letters,,eyJ0ZXh0dXJlcyI6eyJTS0lOIjp7InVybCI6Imh0dHA6Ly90ZXh0dXJlcy5taW5lY3JhZnQubmV0L3RleHR1cmUvOWUxOThmZDgzMWNiNjFmMzkyN2YyMWNmOGE3NDYzYWY1ZWEzYzdlNDNiZDNlOGVjN2QyOTQ4NjMxY2NlODc5In19fQ==,7 
2025-12-26T14:59:12.059108,1 Diamond,1 Player Head,"3367,65,5075",T,Letters,,eyJ0ZXh0dXJlcyI6eyJTS0lOIjp7InVybCI6Imh0dHA6Ly90ZXh0dXJlcy5taW5lY3JhZnQubmV0L3RleHR1cmUvOWY3YWEwZDk3OTgzY2Q2N2RmYjY3YjdkOWQ5YzY0MWJjOWFhMzRkOTY2MzJmMzcyZDI2ZmVlMTlmNzFmOGI3In19fQ==,9
2025-12-26T14:59:14.001539,1 Diamond,1 Player Head,"3369,65,5075",T,Letters,,eyJ0ZXh0dXJlcyI6eyJTS0lOIjp7InVybCI6Imh0dHA6Ly90ZXh0dXJlcy5taW5lY3JhZnQubmV0L3RleHR1cmUvOTM1ZTRlMjZlYWZjMTFiNTJjMTE2NjhlMWQ2NjM0ZTdkMWQwZDIxYzQxMWNiMDg1ZjkzOTQyNjhlYjRjZGZiYSJ9fX0=,-
2025-12-26T14:59:15.513831,1 Diamond,1 Player Head,"3370,65,5075",T,Letters,,eyJ0ZXh0dXJlcyI6eyJTS0lOIjp7InVybCI6Imh0dHA6Ly90ZXh0dXJlcy5taW5lY3JhZnQubmV0L3RleHR1cmUvNDlmMTgxYjQxM2RhYTI2NDI0ZmRlMDYzZmYzMmNkOTcxNWM5NTI1NmIwZjI1MDM3YzJmMGVkZTFkNWU1M2I1In19fQ==,=
2025-12-26T14:59:17.318706,1 Diamond,1 Player Head,"3371,65,5075",T,Letters,,eyJ0ZXh0dXJlcyI6eyJTS0lOIjp7InVybCI6Imh0dHA6Ly90ZXh0dXJlcy5taW5lY3JhZnQubmV0L3RleHR1cmUvYWM0YzI2OTYzZjg1MzhjMTFlYWM2YThlNDM3ZDI3NjgyZGZmZWE0YmNjMGYwNGFmZDVjZGE2ZDFkNTY3In19fQ==,:
2025-12-26T14:59:19.204056,1 Diamond,1 Player Head,"3372,65,5075",F,Letters,,eyJ0ZXh0dXJlcyI6eyJTS0lOIjp7InVybCI6Imh0dHA6Ly90ZXh0dXJlcy5taW5lY3JhZnQubmV0L3RleHR1cmUvMTYyMjcwMzZiOGFmZWQ2OTM1ZDUzMTQzZDE2NDg4ZDM5Y2Y0ZmI3M2E2NzFmMmIyOTU1ZTgwZmM5ZGZlNDU4In19fQ==,Top Right Arrow 
2025-12-26T14:59:20.998529,1 Diamond,1 Player Head,"3374,65,5075",F,Letters,,eyJ0ZXh0dXJlcyI6eyJTS0lOIjp7InVybCI6Imh0dHA6Ly90ZXh0dXJlcy5taW5lY3JhZnQubmV0L3RleHR1cmUvZGJlNjcxM2YyMGE5YzJkZTQzODAzYjkwYWVmYTRkYjlhNmJmODk5MTVkN2MxNTkwZjc3YTdlMTBkZjNhM2U1NCJ9fX0=,Bottom Right Arrow 
2025-12-26T14:59:22.726856,1 Diamond,1 Player Head,"3377,65,5075",F,Letters,,eyJ0ZXh0dXJlcyI6eyJTS0lOIjp7InVybCI6Imh0dHA6Ly90ZXh0dXJlcy5taW5lY3JhZnQubmV0L3RleHR1cmUvMzdhZWU5YTc1YmYwZGY3ODk3MTgzMDE1Y2NhMGIyYTdkNzU1YzYzMzg4ZmYwMTc1MmQ1ZjQ0MTlmYzY0NSJ9fX0=,Left Arrow 
2025-12-26T14:59:28.662383,1 Diamond,1 Player Head,"3359,62,5075",F,Letters,,eyJ0ZXh0dXJlcyI6eyJTS0lOIjp7InVybCI6Imh0dHA6Ly90ZXh0dXJlcy5taW5lY3JhZnQubmV0L3RleHR1cmUvOWVjYTk4YmVmZDBkN2VmY2E5YjExZWJmNGIyZGE0NTljYzE5YTM3ODExNGIzY2RkZTY3ZDQwNjdhZmI4OTYifX19,B 
2025-12-26T14:59:30.694555,1 Diamond,1 Player Head,"3361,62,5075",F,Letters,,eyJ0ZXh0dXJlcyI6eyJTS0lOIjp7InVybCI6Imh0dHA6Ly90ZXh0dXJlcy5taW5lY3JhZnQubmV0L3RleHR1cmUvNTlhYTY5MjI5ZmZkZmExODI4ODliZjMwOTdkMzIyMTVjMWIyMTU5ZDk4NzEwM2IxZDU4NDM2NDZmYWFjIn19fQ==,D 
2025-12-26T14:59:32.678813,1 Diamond,1 Player Head,"3364,62,5075",F,Letters,,eyJ0ZXh0dXJlcyI6eyJTS0lOIjp7InVybCI6Imh0dHA6Ly90ZXh0dXJlcy5taW5lY3JhZnQubmV0L3RleHR1cmUvNThjMzM2ZGVkZmUxOTdiNDM0YjVhYjY3OTg4Y2JlOWMyYzlmMjg1ZWMxODcxZmRkMWJhNDM0ODU1YiJ9fX0=,G 
2025-12-26T14:59:35.018379,1 Diamond,1 Player Head,"3370,62,5075",F,Letters,,eyJ0ZXh0dXJlcyI6eyJTS0lOIjp7InVybCI6Imh0dHA6Ly90ZXh0dXJlcy5taW5lY3JhZnQubmV0L3RleHR1cmUvOTAzNzZkYzVlM2M5ODFiNTI5NjA1NzhhZmU0YmZjNDFjMTc3ODc4OWJjZDgwZWMyYzJkMmZkNDYwZTVhNTFhIn19fQ==,M 
2025-12-26T14:59:37.080348,1 Diamond,1 Player Head,"3375,62,5075",F,Letters,,eyJ0ZXh0dXJlcyI6eyJTS0lOIjp7InVybCI6Imh0dHA6Ly90ZXh0dXJlcy5taW5lY3JhZnQubmV0L3RleHR1cmUvM2NiODgyMjVlZTRhYjM5ZjdjYmY1ODFmMjJjYmYwOGJkY2MzMzg4NGYxZmY3NDc2ODkzMTI4NDE1MTZjMzQ1In19fQ==,R 
2025-12-26T14:59:38.935494,1 Diamond,1 Player Head,"3378,62,5075",F,Letters,,eyJ0ZXh0dXJlcyI6eyJTS0lOIjp7InVybCI6Imh0dHA6Ly90ZXh0dXJlcy5taW5lY3JhZnQubmV0L3RleHR1cmUvOWZkYzRmMzIxYzc4ZDY3NDg0MTM1YWU0NjRhZjRmZDkyNWJkNTdkNDU5MzgzYTRmZTlkMmY2MGEzNDMxYTc5In19fQ==,U 
2025-12-26T14:59:40.535511,1 Diamond,1 Player Head,"3380,62,5075",F,Letters,,eyJ0ZXh0dXJlcyI6eyJTS0lOIjp7InVybCI6Imh0dHA6Ly90ZXh0dXJlcy5taW5lY3JhZnQubmV0L3RleHR1cmUvNzljYmM0NjU1MjVlMTZhODk0NDFkNzg5YjcyZjU1NGU4ZmY0ZWE1YjM5MzQ0N2FlZjNmZjE5M2YwNDY1MDU4In19fQ==,W 
2025-12-26T14:59:42.010632,1 Diamond,1 Player Head,"3381,62,5075",F,Letters,,eyJ0ZXh0dXJlcyI6eyJTS0lOIjp7InVybCI6Imh0dHA6Ly90ZXh0dXJlcy5taW5lY3JhZnQubmV0L3RleHR1cmUvYzM4YWIxNDU3NDdiNGJkMDljZTAzNTQzNTQ5NDhjZTY5ZmY2ZjQxZDllMDk4YzY4NDhiODBlMTg3ZTkxOSJ9fX0=,X 
2025-12-26T14:59:44.486988,3 Iron Ingot,1 Player Head,"3385,62,5078",T,Mob,,eyJ0ZXh0dXJlcyI6eyJTS0lOIjp7InVybCI6Imh0dHA6Ly90ZXh0dXJlcy5taW5lY3JhZnQubmV0L3RleHR1cmUvMTgwNDZkMzhhOTdjOTFmNTk5NDllYTc0MmVmZDc0ODI3Y2NlZGVmZTk4NTI4NTUyY2QzMjdiNGI2MWMzOWI1ZiJ9fX0=,Blaze
2025-12-26T14:59:46.015276,1 Diamond,1 Player Head,"3385,65,5078",T,Mob,,eyJ0ZXh0dXJlcyI6eyJTS0lOIjp7InVybCI6Imh0dHA6Ly90ZXh0dXJlcy5taW5lY3JhZnQubmV0L3RleHR1cmUvYjc4ZWYyZTRjZjJjNDFhMmQxNGJmZGU5Y2FmZjEwMjE5ZjViMWJmNWIzNWE0OWViNTFjNjQ2Nzg4MmNiNWYwIn19fQ==,Blaze (Old)
2025-12-26T14:59:47.443673,3 Iron Ingot,1 Player Head,"3385,65,5079",T,Mob,,eyJ0ZXh0dXJlcyI6eyJTS0lOIjp7InVybCI6Imh0dHA6Ly90ZXh0dXJlcy5taW5lY3JhZnQubmV0L3RleHR1cmUvOGI2YTcyMTM4ZDY5ZmJiZDJmZWEzZmEyNTFjYWJkODcxNTJlNGYxYzk3ZTVmOTg2YmY2ODU1NzFkYjNjYzAifX19,Ghast
2025-12-26T14:59:48.958735,3 Iron Ingot,1 Player Head,"3385,62,5079",T,Mob,,eyJ0ZXh0dXJlcyI6eyJTS0lOIjp7InVybCI6Imh0dHA6Ly90ZXh0dXJlcy5taW5lY3JhZnQubmV0L3RleHR1cmUvNzRlOWM2ZTk4NTgyZmZkOGZmOGZlYjMzMjJjZDE4NDljNDNmYjE2YjE1OGFiYjExY2E3YjQyZWRhNzc0M2ViIn19fQ==,Zombie Pigman
2025-12-26T14:59:50.394430,3 Iron Ingot,1 Player Head,"3385,62,5080",T,Mob,,eyJ0ZXh0dXJlcyI6eyJTS0lOIjp7InVybCI6Imh0dHA6Ly90ZXh0dXJlcy5taW5lY3JhZnQubmV0L3RleHR1cmUvN2E1OWJiMGE3YTMyOTY1YjNkOTBkOGVhZmE4OTlkMTgzNWY0MjQ1MDllYWRkNGU2YjcwOWFkYTUwYjljZiJ9fX0=,Enderman
2025-12-26T14:59:51.723746,3 Iron Ingot,1 Player Head,"3385,65,5080",T,Mob,,eyJ0ZXh0dXJlcyI6eyJTS0lOIjp7InVybCI6Imh0dHA6Ly90ZXh0dXJlcy5taW5lY3JhZnQubmV0L3RleHR1cmUvOTMyYzI0NTI0YzgyYWIzYjNlNTdjMjA1MmM1MzNmMTNkZDhjMGJlYjhiZGQwNjM2OWJiMjU1NGRhODZjMTIzIn19fQ==,Guardian
2025-12-26T14:59:52.976624,3 Iron Ingot,1 Player Head,"3385,65,5081",T,Mob,,eyJ0ZXh0dXJlcyI6eyJTS0lOIjp7InVybCI6Imh0dHA6Ly90ZXh0dXJlcy5taW5lY3JhZnQubmV0L3RleHR1cmUvNDU4NTJhOTU5Mjg4OTc3NDYwMTI5ODhmYmQ1ZGJhYTFiNzBiN2E1ZmI2NTE1NzAxNmY0ZmYzZjI0NTM3NGMwOCJ9fX0=,Frog
2025-12-26T14:59:54.403822,8 Diamond,1 Player Head,"3385,62,5081",T,Mob,,eyJ0ZXh0dXJlcyI6eyJTS0lOIjp7InVybCI6Imh0dHA6Ly90ZXh0dXJlcy5taW5lY3JhZnQubmV0L3RleHR1cmUvN2U5NTE1M2VjMjMyODRiMjgzZjAwZDE5ZDI5NzU2ZjI0NDMxM2EwNjFiNzBhYzAzYjk3ZDIzNmVlNTdiZDk4MiJ9fX0=,Phantom
2025-12-26T14:59:55.788091,1 Diamond,1 Player Head,"3385,62,5082",T,Mob,,eyJ0ZXh0dXJlcyI6eyJTS0lOIjp7InVybCI6Imh0dHA6Ly90ZXh0dXJlcy5taW5lY3JhZnQubmV0L3RleHR1cmUvNGU4NjMzMmJkZDg1NjdlMzk2MDVmMGQxMWJhZTJlNDVlODYwM2E2ZDcxZGEwNjIwOGQ4MWFhM2U3ZTM5NzFjZCJ9fX0=,Pale Frog
2025-12-26T14:59:57.149093,3 Iron Ingot,1 Player Head,"3385,65,5082",T,Animal,,eyJ0ZXh0dXJlcyI6eyJTS0lOIjp7InVybCI6Imh0dHA6Ly90ZXh0dXJlcy5taW5lY3JhZnQubmV0L3RleHR1cmUvMmNhNGE4ZTQ5NDU4MmM2MmFhYTJjOTI0NzRiMTZkNjljZDYzYmFhM2QzZjUwYTRiNjMxZDY1NTljYTBmMzNmNSJ9fX0=,Tempature
2025-12-26T14:59:58.353492,3 Iron Ingot,1 Player Head,"3385,65,5083",T,Animal,,eyJ0ZXh0dXJlcyI6eyJTS0lOIjp7InVybCI6Imh0dHA6Ly90ZXh0dXJlcy5taW5lY3JhZnQubmV0L3RleHR1cmUvYzNiZGU0MzExMWY2OWE3ZmRhNmVjNmZhZjIyNjNjODI3OTYxZjM5MGQ3YzYxNjNlZDEyMzEwMzVkMWIwYjkifX19,Seagull
2025-12-26T14:59:59.787386,3 Iron Ingot,1 Player Head,"3385,62,5083",T,Animal,,eyJ0ZXh0dXJlcyI6eyJTS0lOIjp7InVybCI6Imh0dHA6Ly90ZXh0dXJlcy5taW5lY3JhZnQubmV0L3RleHR1cmUvMTZkOGFjOTBiNGNkODRmODNhNTgwMTg4MmUwYjU0MWQxZWU2MWZjMGY2YmMxYTE3MmE2NWU1MDg2MzBiMDk3MiJ9fX0=,Owl
2025-12-26T15:00:01.148515,3 Iron Ingot,1 Player Head,"3385,62,5084",T,Animal,,eyJ0ZXh0dXJlcyI6eyJTS0lOIjp7InVybCI6Imh0dHA6Ly90ZXh0dXJlcy5taW5lY3JhZnQubmV0L3RleHR1cmUvZWEzOTNkODNhYzViZjRkMDAxZmIyNGM5NTM5YzVjNjQ0ZWU5MmE3NGNjYTkxMDgxMDJiMGRjMjc5YzgyMDg1YyJ9fX0=,Rat
2025-12-26T15:00:02.340304,3 Iron Ingot,1 Player Head,"3385,65,5084",T,Animal,,eyJ0ZXh0dXJlcyI6eyJTS0lOIjp7InVybCI6Imh0dHA6Ly90ZXh0dXJlcy5taW5lY3JhZnQubmV0L3RleHR1cmUvMTNkMzBjZjdlZjJjZDg0NDAyNDJmMmM1YTc3YzU0Y2QzZjkxNTdlMTkxNjA3ZDIwN2M0ODc1NjJmODM4NTQ4NCJ9fX0=,Hedgehog
2025-12-26T15:00:03.555011,3 Iron Ingot,1 Player Head,"3385,65,5085",T,Animal,,eyJ0ZXh0dXJlcyI6eyJTS0lOIjp7InVybCI6Imh0dHA6Ly90ZXh0dXJlcy5taW5lY3JhZnQubmV0L3RleHR1cmUvNzUxZTMzZGRmYjFhM2YzYTk0OTczMWM5NWM3NTcwZGRiNzI5ZmIwMzhiOTM5YWExZTViMjQ5NzUzZjk2Y2E4OCJ9fX0=,Snake
2025-12-26T15:00:04.843184,3 Iron Ingot,1 Player Head,"3385,65,5086",T,Animal,,eyJ0ZXh0dXJlcyI6eyJTS0lOIjp7InVybCI6Imh0dHA6Ly90ZXh0dXJlcy5taW5lY3JhZnQubmV0L3RleHR1cmUvZTMwYWMxZjljNjQ5Yzk5Y2Q2MGU0YmZhNTMzNmNjMTg1MGYyNzNlYWI5ZjViMGI3OTQwZDRkNGQ3ZGM4MjVkYyJ9fX0=,Mosquito
2025-12-26T15:00:06.455202,5 Iron Ingot,1 Player Head,"3385,65,5087",T,Animal,,eyJ0ZXh0dXJlcyI6eyJTS0lOIjp7InVybCI6Imh0dHA6Ly90ZXh0dXJlcy5taW5lY3JhZnQubmV0L3RleHR1cmUvYjdlYTRjMDE3ZTM0NTZjZjA5YTVjMjYzZjM0ZDNjYzVmNDE1NzdiNzRkNjBmNmY4MTk2YzYwZTA3ZjhjNWE5NiJ9fX0=,Pigeon
2025-12-26T15:00:07.885139,1 Diamond,1 Player Head,"3385,62,5087",T,Animal,,eyJ0ZXh0dXJlcyI6eyJTS0lOIjp7InVybCI6Imh0dHA6Ly90ZXh0dXJlcy5taW5lY3JhZnQubmV0L3RleHR1cmUvYzc3OWI2NDM4MzFmODM4ZmI1ZWZkMmJhZmE0YzZlYTk3YmIyNTY4Mzk3NjE1ODg1MjU0OThkNjI5NGZjNDcifX19,Crow
2025-12-26T15:00:09.277731,3 Iron Ingot,1 Player Head,"3385,62,5086",T,Animal,,eyJ0ZXh0dXJlcyI6eyJTS0lOIjp7InVybCI6Imh0dHA6Ly90ZXh0dXJlcy5taW5lY3JhZnQubmV0L3RleHR1cmUvZjBmNDI4OGFlMDhhMzhkMmFiOWNmMzQzMTQxNjQ3ZTRmM2JlMTZjNWE5MjdlNzIyNGEzYjFkZWNhY2ZmMjU5In19fQ==,Ladybug
2025-12-26T15:00:10.662168,3 Iron Ingot,1 Player Head,"3385,62,5085",T,Animal,,eyJ0ZXh0dXJlcyI6eyJTS0lOIjp7InVybCI6Imh0dHA6Ly90ZXh0dXJlcy5taW5lY3JhZnQubmV0L3RleHR1cmUvZWVhNzU5Zjk3OWI5YjhlYTgzMWNhN2UyZDY2ZGYxNDgyOTNmMWE1MTQ3OTgzYjUyYzQ4ZWZlMmMzMTVlIn19fQ==,Penguin
2025-12-26T16:21:02.591060,1 Diamond,1 Player Head,"3357,56,5075",F,Halloween,,eyJ0ZXh0dXJlcyI6eyJTS0lOIjp7InVybCI6Imh0dHA6Ly90ZXh0dXJlcy5taW5lY3JhZnQubmV0L3RleHR1cmUvYThiNGIzMzUxYWE4YTI2MDc2MWU1MDQ0NWM4NzdmNzUyODk3ODk2NzRlMjU0Njg4NjdkODgxM2MzMzk4NCJ9fX0=,? 
2025-12-26T16:21:04.687795,1 Diamond,1 Player Head,"3358,56,5075",T,Halloween,,eyJ0ZXh0dXJlcyI6eyJTS0lOIjp7InVybCI6Imh0dHA6Ly90ZXh0dXJlcy5taW5lY3JhZnQubmV0L3RleHR1cmUvYjYyYWUwMmRkNjg4MjNkMTEwOTkzY2IwMzgwNzMzY2U2YjNjNjQ2ZjI0YzI3ZGQ3ZjkwMTUzMTRkNDY4NzRjIn19fQ==,A
2025-12-26T16:21:06.490186,1 Diamond,1 Player Head,"3359,56,5075",T,Halloween,,eyJ0ZXh0dXJlcyI6eyJTS0lOIjp7InVybCI6Imh0dHA6Ly90ZXh0dXJlcy5taW5lY3JhZnQubmV0L3RleHR1cmUvZDg0MTdlN2FkOTM5OWE2YTMzMzEyMGE3NzZiMjhmN2JmN2JkY2E0MWFlYzZkMDk1ZTNhZjYzNzhiMTEzMmU0MiJ9fX0=,B
2025-12-26T16:21:08.317812,1 Diamond,1 Player Head,"3360,56,5075",F,Halloween,,eyJ0ZXh0dXJlcyI6eyJTS0lOIjp7InVybCI6Imh0dHA6Ly90ZXh0dXJlcy5taW5lY3JhZnQubmV0L3RleHR1cmUvZmY3ZjRlYzYxM2Y4MzRkMzE2YjViYzRmZmZlMjQ1ZTFlY2E1NWM0MmVlZGM1YWU5NzE5ZmZiZDg5MWE2YiJ9fX0=,C 
2025-12-26T16:21:10.301548,1 Diamond,1 Player Head,"3362,56,5075",F,Halloween,,eyJ0ZXh0dXJlcyI6eyJTS0lOIjp7InVybCI6Imh0dHA6Ly90ZXh0dXJlcy5taW5lY3JhZnQubmV0L3RleHR1cmUvNTYzNWFjNjllZDJiYjlhMzU0ZTUxODlhNTViOGJiM2EyYjUzNDM4NzMxYzczYjkyMGUwOTM0MmY1OTJmMjEifX19,E 
2025-12-26T16:21:11.821836,1 Diamond,1 Player Head,"3363,56,5075",F,Halloween,,eyJ0ZXh0dXJlcyI6eyJTS0lOIjp7InVybCI6Imh0dHA6Ly90ZXh0dXJlcy5taW5lY3JhZnQubmV0L3RleHR1cmUvMTJjOTM4MWUxNjYzZGQ4NGE1ZTU5YTU4Yzc4NTY2Mjg4MDVlZWNhMzNjYzkyZTY3NzJkN2IzM2UzZGI5ZmEifX19,F 
2025-12-26T16:21:13.340644,1 Diamond,1 Player Head,"3364,56,5075",T,Halloween,,eyJ0ZXh0dXJlcyI6eyJTS0lOIjp7InVybCI6Imh0dHA6Ly90ZXh0dXJlcy5taW5lY3JhZnQubmV0L3RleHR1cmUvOWMyZjRkYjA4MjQ3NDBiOTZlNmIyZDM2NjQ3MjY5NDE3NTI5ZGM5ZDk5Y2Q3MzNmMDdjNTk4Yzg2ODU5In19fQ==,G
2025-12-26T16:21:14.977227,1 Diamond,1 Player Head,"3366,56,5075",F,Halloween,,eyJ0ZXh0dXJlcyI6eyJTS0lOIjp7InVybCI6Imh0dHA6Ly90ZXh0dXJlcy5taW5lY3JhZnQubmV0L3RleHR1cmUvYmM5MTg2NWZiMDM2Nzg0NGIyOTcyZTljNzI2ZWFjZmM3OWE0ZTM4MzVlNWFjZmZkNGYxNmRiN2EzNzQ3YzYifX19,I 
2025-12-26T16:21:16.544334,1 Diamond,1 Player Head,"3367,56,5075",T,Halloween,,eyJ0ZXh0dXJlcyI6eyJTS0lOIjp7InVybCI6Imh0dHA6Ly90ZXh0dXJlcy5taW5lY3JhZnQubmV0L3RleHR1cmUvZmYzYmFhNjRjYWIwNjU0NDA3OTQ1NzM5MmU4YjQxMjZlZmM3Mzg3OWJhYmFiMWI2YWRlMGNmOGQ2YTFkOSJ9fX0=,J
2025-12-26T16:21:18.045365,1 Diamond,1 Player Head,"3368,56,5075",F,Halloween,,eyJ0ZXh0dXJlcyI6eyJTS0lOIjp7InVybCI6Imh0dHA6Ly90ZXh0dXJlcy5taW5lY3JhZnQubmV0L3RleHR1cmUvYjQxNWYwNDA0OTNlZmIzNmYwYzY5Mjg0ZTk3NTFjNWIzMWZlMzlhMTNhOGVkMmE1ZGNlNjJkYzM0MTM3M2UifX19,K 
2025-12-26T16:21:19.727202,1 Diamond,1 Player Head,"3369,56,5075",T,Halloween,,eyJ0ZXh0dXJlcyI6eyJTS0lOIjp7InVybCI6Imh0dHA6Ly90ZXh0dXJlcy5taW5lY3JhZnQubmV0L3RleHR1cmUvYmY1YTZkYjkzYjRmMzgxY2U5ZjdhZjlmZGUwNWNlZjQ0Nzg1NjJjZTgyZjYwNzhjOTFhM2JhYzE1MWMzNTE3In19fQ==,L
2025-12-26T16:21:48.250439,1 Diamond,1 Player Head,"3371,56,5075",F,Halloween,,eyJ0ZXh0dXJlcyI6eyJTS0lOIjp7InVybCI6Imh0dHA6Ly90ZXh0dXJlcy5taW5lY3JhZnQubmV0L3RleHR1cmUvYzlmNmY5ZDJiM2JlNTBhOTQxY2MyZDFiZDY5YWU2YTZhMmU2ZDc0ODcwYTAxZmRhOWNkMzYxY2U5ZWI2OSJ9fX0=,N 
2025-12-26T16:21:50.160554,1 Diamond,1 Player Head,"3372,56,5075",T,Halloween,,eyJ0ZXh0dXJlcyI6eyJTS0lOIjp7InVybCI6Imh0dHA6Ly90ZXh0dXJlcy5taW5lY3JhZnQubmV0L3RleHR1cmUvZTkxMjg0MmU5ZDM0Mjk1MmM5NzE1ZGVhYzQwYzNhZmZhNmY0MWU0OGU3Y2M2ZTliMjU1OTc1ODIzODU0ODkifX19,O
2025-12-26T16:21:52.768302,1 Diamond,1 Player Head,"3374,56,5075",T,Halloween,,eyJ0ZXh0dXJlcyI6eyJTS0lOIjp7InVybCI6Imh0dHA6Ly90ZXh0dXJlcy5taW5lY3JhZnQubmV0L3RleHR1cmUvM2Y4ODA4NjNhZDgyNzUwZWM5ZWFmZDgzNjFjMWU1MjMyYjM4NTUwZTJmNzc3OWZkNWMxYmViNzc0MzllIn19fQ==,Q
2025-12-26T16:21:54.577085,1 Diamond,1 Player Head,"3375,56,5075",F,Halloween,,eyJ0ZXh0dXJlcyI6eyJTS0lOIjp7InVybCI6Imh0dHA6Ly90ZXh0dXJlcy5taW5lY3JhZnQubmV0L3RleHR1cmUvY2FlNjNmMGY0YTAxY2E1MmYzMTM0N2I0OGRhODY1Y2I1YzczZjk3ZTEwYWYxYzQ1MzJlZWZmMzkwZGQifX19,R 
2025-12-26T16:21:57.695807,1 Diamond,1 Player Head,"3377,56,5075",F,Halloween,,eyJ0ZXh0dXJlcyI6eyJTS0lOIjp7InVybCI6Imh0dHA6Ly90ZXh0dXJlcy5taW5lY3JhZnQubmV0L3RleHR1cmUvZTg5N2NiNThhNzYxNWYyNzg0MjU3NzU4NTExNjViYjk2ZmYwMjgzYzI0ZjIxYzlkOTkwZGZjZmM0ZWFmNCJ9fX0=,S
2025-12-26T16:22:01.631190,1 Diamond,1 Player Head,"3378,56,5075",T,Halloween,,eyJ0ZXh0dXJlcyI6eyJTS0lOIjp7InVybCI6Imh0dHA6Ly90ZXh0dXJlcy5taW5lY3JhZnQubmV0L3RleHR1cmUvZjhkMWFkMzcxMGJiN2I3YWY2MWFmZGI2YjE4YjNhM2MyNmE1N2U4YTU0ZmM1ZWMyY2JkZTJhODc0MTRhODkyZiJ9fX0=,U
2025-12-26T16:22:03.584550,1 Diamond,1 Player Head,"3376,56,5075",T,Halloween,,eyJ0ZXh0dXJlcyI6eyJTS0lOIjp7InVybCI6Imh0dHA6Ly90ZXh0dXJlcy5taW5lY3JhZnQubmV0L3RleHR1cmUvYzJmMDM0MWFiMWMxZmRmMDJlZmJlNTMzMzNkN2MzOWU0M2NmODQ4NTkzMzdiZjJiYzJmZjFmYjRjMWExZWQ4In19fQ==,S
2025-12-26T16:22:07.956868,1 Diamond,1 Player Head,"3379,56,5075",T,Halloween,,eyJ0ZXh0dXJlcyI6eyJTS0lOIjp7InVybCI6Imh0dHA6Ly90ZXh0dXJlcy5taW5lY3JhZnQubmV0L3RleHR1cmUvZDRhYmI4NDA3NGFlYmNjNmM2ODlmNTg0MTM5MzM5MjkyOTFiNjE4OTMyNzk5Y2NjYzlkOGUyZTE3MmQxZjkifX19,V
2025-12-26T16:22:09.911337,1 Diamond,1 Player Head,"3381,56,5075",T,Halloween,,eyJ0ZXh0dXJlcyI6eyJTS0lOIjp7InVybCI6Imh0dHA6Ly90ZXh0dXJlcy5taW5lY3JhZnQubmV0L3RleHR1cmUvMTZmOTFkNTZhY2FjZGRmZTdiNjQ1NjZhZDNkM2JhMWQxOGZmOWZiOTQxYjRkZGQ4M2NiNTY3MjYyMTA4OSJ9fX0=,X
2025-12-26T16:22:11.941661,1 Diamond,1 Player Head,"3382,56,5075",F,Halloween,,eyJ0ZXh0dXJlcyI6eyJTS0lOIjp7InVybCI6Imh0dHA6Ly90ZXh0dXJlcy5taW5lY3JhZnQubmV0L3RleHR1cmUvOGRhY2ZmZGZkM2YyOGMyYzZlYjg2MjQyZTkzNTQ5MTc2OGY0YTMxNjMzNmQ0ZGE2MTdiMzFiMWYzMzcyMTRkIn19fQ==,Y 
2025-12-26T16:22:13.756537,1 Diamond,1 Player Head,"3383,56,5075",F,Halloween,,eyJ0ZXh0dXJlcyI6eyJTS0lOIjp7InVybCI6Imh0dHA6Ly90ZXh0dXJlcy5taW5lY3JhZnQubmV0L3RleHR1cmUvZmM2YmQ3ZjI1YWMxMzI4YzNmNjViMWVlMDIzZmE2YWUyMzExODg0YjU1MzE3N2Y5ZjI0ZTIxNDY0ZWQzZmYyIn19fQ==,Z 
2025-12-26T16:22:18.212663,1 Diamond,1 Player Head,"3379,59,5075",F,Halloween,,eyJ0ZXh0dXJlcyI6eyJTS0lOIjp7InVybCI6Imh0dHA6Ly90ZXh0dXJlcy5taW5lY3JhZnQubmV0L3RleHR1cmUvNDVhZGI2ZmZhMmM1YzBlMzUwYzI4NDk5MTM4YTU1NjY0NDFkN2JjNTczZGUxOTg5ZmRlMjEyZmNiMTk2NjgyNiJ9fX0=,
2025-12-26T16:22:21.466670,1 Diamond,1 Player Head,"3372,59,5075",T,Halloween,,eyJ0ZXh0dXJlcyI6eyJTS0lOIjp7InVybCI6Imh0dHA6Ly90ZXh0dXJlcy5taW5lY3JhZnQubmV0L3RleHR1cmUvZDU5NTU3MTE2NDFkMTZmMTVhYTRiZjhiNDllYTg4M2IwM2M5ZTU4MmQ1Mjg5OWM3YTVjOGQ3YzgyMjI4OWQ2In19fQ==,Pumpkin (Cat)
2025-12-26T16:22:23.104850,1 Diamond,1 Player Head,"3371,59,5075",F,Halloween,,eyJ0ZXh0dXJlcyI6eyJTS0lOIjp7InVybCI6Imh0dHA6Ly90ZXh0dXJlcy5taW5lY3JhZnQubmV0L3RleHR1cmUvMmQ3M2MxZGRkNDIxMzk4YWMxOTJlYmU5ODA0NTk2ZTExNjZkMzM3OTYyOWQ5MjRkZDI3ODQyZDI3M2ZmM2Q0In19fQ==,Pumpkin (Confused)
2025-12-26T16:22:35.050755,1 Diamond,1 Player Head,"3370,59,5075",F,Halloween,,eyJ0ZXh0dXJlcyI6eyJTS0lOIjp7InVybCI6Imh0dHA6Ly90ZXh0dXJlcy5taW5lY3JhZnQubmV0L3RleHR1cmUvOGNkMWExYTlhMzkzMTI2YTNkYzU5ZTc1NjYzMGU3YjIxY2QzMTY4MGI4MmNlMzkzMGNiYTk5Y2NjODZlMyJ9fX0=,Pumpkin (Sad)
2025-12-26T16:22:37.007597,1 Diamond,1 Player Head,"3369,59,5075",T,Halloween,,eyJ0ZXh0dXJlcyI6eyJTS0lOIjp7InVybCI6Imh0dHA6Ly90ZXh0dXJlcy5taW5lY3JhZnQubmV0L3RleHR1cmUvNGVlMjgxMTdjNWU2YTZjODJjYTg4MWFjOWExOGM2YjJkNjg3ZjFiNjljZTI5OTllOTQ4NmU2Nzg0MTI3MTgifX19,Pumpkin (Drunk)
2025-12-26T16:22:38.650899,1 Diamond,1 Player Head,"3368,59,5075",T,Halloween,,eyJ0ZXh0dXJlcyI6eyJTS0lOIjp7InVybCI6Imh0dHA6Ly90ZXh0dXJlcy5taW5lY3JhZnQubmV0L3RleHR1cmUvZDFiNTQwNzE3YmRkZWRlYTU4YmNhZGI2M2QxOTUxYTMxMTJlNGViNWNiZWE1MTI4YWI1NmNlM2I5MjQ1YmI2ZiJ9fX0=,Pumpkin (Upset)
2025-12-26T16:22:40.390350,1 Diamond,1 Player Head,"3367,59,5075",F,Halloween,,eyJ0ZXh0dXJlcyI6eyJTS0lOIjp7InVybCI6Imh0dHA6Ly90ZXh0dXJlcy5taW5lY3JhZnQubmV0L3RleHR1cmUvNDI0MDI2Nzk0ZDY0NTc2YWNkOGFhOWJkY2MwZjlhNzAzMzMzY2E0MjYwMTYxMjUzMjUyZTM5ZWIyMWM3ZiJ9fX0=,Pumpkin (Uniwink)
2025-12-26T16:22:43.424230,1 Diamond,1 Player Head,"3365,59,5075",F,Halloween,,eyJ0ZXh0dXJlcyI6eyJTS0lOIjp7InVybCI6Imh0dHA6Ly90ZXh0dXJlcy5taW5lY3JhZnQubmV0L3RleHR1cmUvNzc3NzVjZTdlZjViOWJmZjE1ZWRkMzExNmRkM2NiYWFmOTc4Mjg0M2JjYTk1NTc2MGE5ODdjY2VhN2VjM2VmIn19fQ==,Pumpkin (Neutral)
2025-12-26T16:22:44.865116,1 Diamond,1 Player Head,"3364,59,5075",T,Halloween,,eyJ0ZXh0dXJlcyI6eyJTS0lOIjp7InVybCI6Imh0dHA6Ly90ZXh0dXJlcy5taW5lY3JhZnQubmV0L3RleHR1cmUvZGEyM2ExNzUyNzkyNGY1NGU4Zjc5NmFjOTU2YjBkZWRkMTE0NjcyNzEwNDRhY2ZjOTNmNmU1OTFiMGQ0NjMifX19,Pumpkin (Mildly Confused)
2025-12-26T16:22:50.428236,1 Diamond,1 Player Head,"3363,59,5075",F,Halloween,,eyJ0ZXh0dXJlcyI6eyJTS0lOIjp7InVybCI6Imh0dHA6Ly90ZXh0dXJlcy5taW5lY3JhZnQubmV0L3RleHR1cmUvNmI5YTk3Mzc4MDVkMzBkNGVhZDM4M2QwOThjMTc2YWUyOTg0ZDc0YTM5ZTUzYWFkYzRmYmIzOWJlNjVlOGVmIn19fQ==,Pumpkin (Annoyed)
2025-12-26T16:22:52.670641,1 Diamond,1 Player Head,"3362,59,5075",T,Halloween,,eyJ0ZXh0dXJlcyI6eyJTS0lOIjp7InVybCI6Imh0dHA6Ly90ZXh0dXJlcy5taW5lY3JhZnQubmV0L3RleHR1cmUvNDkzZmQ4ZmMzNjc3NTcxM2Q4ZjcyODgzYmNmMGFlNWJiZjg3ZGRkYTdmNGI0ZTNiZDJhZTQ5ODVmYTNlNiJ9fX0=,Pumpkin (Happy)
2025-12-26T16:22:54.601571,1 Diamond,1 Player Head,"3361,59,5075",T,Halloween,,eyJ0ZXh0dXJlcyI6eyJTS0lOIjp7InVybCI6Imh0dHA6Ly90ZXh0dXJlcy5taW5lY3JhZnQubmV0L3RleHR1cmUvODg2ZTY2NjZjOWZlZTM1ZWU2OWMzZmE2ZjdhODYxNWViNzU1ZTk1Mjg1YTVlNzMyN2Y3YzI1NmZkMWM1YjU0In19fQ==,Pumpkin (ARTWHG)
2025-12-26T16:22:56.530846,1 Diamond,1 Player Head,"3360,59,5075",T,Halloween,,eyJ0ZXh0dXJlcyI6eyJTS0lOIjp7InVybCI6Imh0dHA6Ly90ZXh0dXJlcy5taW5lY3JhZnQubmV0L3RleHR1cmUvMTNjZDhlM2FhMTc4NjQ2NWVkN2MzZDVjY2JhOWIxODk5NjVjYjZlM2JmZTQyNjA1ZTk3MzM2ODU0ZDNmYWUifX19,Pumpkin (Dead)
2025-12-26T16:22:58.281642,1 Diamond,1 Player Head,"3359,59,5075",T,Halloween,,eyJ0ZXh0dXJlcyI6eyJTS0lOIjp7InVybCI6Imh0dHA6Ly90ZXh0dXJlcy5taW5lY3JhZnQubmV0L3RleHR1cmUvNzlmMjdjYzkyMTE0YjQyNjdiNGM0OTY3OThhNjk2YTRlNTczMjM1M2E3OTFmNGUwNTA5MzQ2OTY2ZmY3MzMifX19,Pumpkin (Razzled)
2025-12-26T16:23:00.140363,1 Diamond,1 Player Head,"3358,59,5075",F,Halloween,,eyJ0ZXh0dXJlcyI6eyJTS0lOIjp7InVybCI6Imh0dHA6Ly90ZXh0dXJlcy5taW5lY3JhZnQubmV0L3RleHR1cmUvMTA3ZGE1NzJhOGU5ZGFkNTc4MmIxNjY1Yjc0ZjkxMWQyMWZiMWE3MjNhOTdkYTdjOGVjNDk0Yjc1ZWM5ZGI4NCJ9fX0=,Pumpkin (Open Creeper)
2025-12-26T16:23:01.925193,1 Diamond,1 Player Head,"3357,59,5075",T,Halloween,,eyJ0ZXh0dXJlcyI6eyJTS0lOIjp7InVybCI6Imh0dHA6Ly90ZXh0dXJlcy5taW5lY3JhZnQubmV0L3RleHR1cmUvZDhjYjI2MzY2YTU0NzliNWJiYzdjYTBkNGNkNDg3ODYzNzFhMWM0MTE2YWNlZDg5YjQ2NGMyYjNlNzM0YTAifX19,Pumpkin (Thrilled)
2025-12-26T16:23:04.038102,1 Diamond,1 Player Head,"3356,59,5075",T,Halloween,,eyJ0ZXh0dXJlcyI6eyJTS0lOIjp7InVybCI6Imh0dHA6Ly90ZXh0dXJlcy5taW5lY3JhZnQubmV0L3RleHR1cmUvNDY2ZmMzNTg4NGZkYjRjYjRhYTRjNjkyNzg4Y2ZiNDg2NWEzZjAxNDhlNzYyOTFhM2RmYjM3NTYzYzYzOGIifX19,Pumpkin (Mean)
2025-12-26T16:23:05.455030,1 Diamond,1 Player Head,"3355,59,5075",T,Halloween,,eyJ0ZXh0dXJlcyI6eyJTS0lOIjp7InVybCI6Imh0dHA6Ly90ZXh0dXJlcy5taW5lY3JhZnQubmV0L3RleHR1cmUvNmRmMDU3YTU1ODc1NGJiMjNhMThlMWM1ZTJjNDFjMjI4NDFjYTU2Njc3NjQxZDMzZTlhYTVlOGZmYTIxZTcifX19,Pumpkin (Creeper)
2025-12-26T16:23:08.014489,1 Diamond,1 Player Head,"3354,56,5075",T,Halloween,,eyJ0ZXh0dXJlcyI6eyJTS0lOIjp7InVybCI6Imh0dHA6Ly90ZXh0dXJlcy5taW5lY3JhZnQubmV0L3RleHR1cmUvNDI3ZDY0ZTE0M2UwNThhZmQ5MWFhYTY1MTFiZTVlNDc0OTg3OWZlNDU2NGI0YTVjNTVhMzI0MzkzMTU2NDVhZSJ9fX0=,Empty Cauldron
2025-12-26T16:23:09.921018,1 Diamond,1 Player Head,"3354,59,5075",T,Halloween,,eyJ0ZXh0dXJlcyI6eyJTS0lOIjp7InVybCI6Imh0dHA6Ly90ZXh0dXJlcy5taW5lY3JhZnQubmV0L3RleHR1cmUvMTRiZjRhMDg0MjFhNTUzMTVhOWVhMjdiMjI1NjVjZmY3ZGEwOGRiNjFiZjkwODVhYzExY2VmZDY0MDNlIn19fQ==,Clown
2025-12-26T16:23:12.183676,1 Diamond,1 Player Head,"3353,59,5075",T,Halloween,,eyJ0ZXh0dXJlcyI6eyJTS0lOIjp7InVybCI6Imh0dHA6Ly90ZXh0dXJlcy5taW5lY3JhZnQubmV0L3RleHR1cmUvMjVhZDFhOTg4MDdkMjdjNDI1NGIxM2VhNTM5OWRmNjlhNzM4MDc1YmFhMWFmMTUzNDE3NGI4NGUyZWZhN2YyNSJ9fX0=,Freddy Krueger
2025-12-26T16:23:14.364248,1 Diamond,1 Player Head,"3353,56,5075",T,Halloween,,eyJ0ZXh0dXJlcyI6eyJTS0lOIjp7InVybCI6Imh0dHA6Ly90ZXh0dXJlcy5taW5lY3JhZnQubmV0L3RleHR1cmUvYTE2NjE2NDVjNDY4NzIxNDA1OGUyMTRkYjA3NDliNWVjYzI5OWM1MTAwYTAzNjI5NDhiMDBiZTNlYzJkMzQ4OSJ9fX0=,Magma Cauldron
2025-12-26T16:23:16.485674,1 Diamond,1 Player Head,"3352,56,5075",F,Halloween,,eyJ0ZXh0dXJlcyI6eyJTS0lOIjp7InVybCI6Imh0dHA6Ly90ZXh0dXJlcy5taW5lY3JhZnQubmV0L3RleHR1cmUvZjA4MDgxNzkyMjE4Mjc2MTNiY2QzZjc1OTBlNjdhOWYxNmRmOGY5MTQ1YTEzODZiYmQ4ZmZhZDU1MzVkMzFhYSJ9fX0=,Dragon Cauldron
2025-12-26T16:23:18.473170,1 Diamond,1 Player Head,"3351,56,5075",T,Halloween,,eyJ0ZXh0dXJlcyI6eyJTS0lOIjp7InVybCI6Imh0dHA6Ly90ZXh0dXJlcy5taW5lY3JhZnQubmV0L3RleHR1cmUvMWY1NzAxZGE0ZDUwZGQ0NDdlNjgzZGQ5MDA3N2NhMjJkNmI0NjEyZTVkYTEwODAzZTNjNDg2YzUyOTg3ZmVlZiJ9fX0=,Rainbow Cauldron
2025-12-26T16:23:20.410204,1 Diamond,1 Player Head,"3350,56,5075",F,Halloween,,eyJ0ZXh0dXJlcyI6eyJTS0lOIjp7InVybCI6Imh0dHA6Ly90ZXh0dXJlcy5taW5lY3JhZnQubmV0L3RleHR1cmUvM2Q2MTc4Mzc4NzkxNDFlMzhjYzBhMDNjNTEyYTBkZDg3NWVkNzliNTkzNzY3ZGM4ZWQ5Mzk4MDA0Zjk0NTJlIn19fQ==,Acidic Cauldron
2025-12-26T16:23:22.284741,1 Diamond,1 Player Head,"3349,56,5075",T,Halloween,,eyJ0ZXh0dXJlcyI6eyJTS0lOIjp7InVybCI6Imh0dHA6Ly90ZXh0dXJlcy5taW5lY3JhZnQubmV0L3RleHR1cmUvMzYwMTE1OGVlZTgyOTE3ZjM0ZDFjNDQ4ZDViYmI3MjM0NmQ4ZTE5MTA1Yzg5MWQyNmUzNTgwZTQyNjFmZGU3YSJ9fX0=,Overflowing Cauldron
2025-12-26T16:23:24.132313,1 Diamond,1 Player Head,"3348,56,5075",T,Halloween,,eyJ0ZXh0dXJlcyI6eyJTS0lOIjp7InVybCI6Imh0dHA6Ly90ZXh0dXJlcy5taW5lY3JhZnQubmV0L3RleHR1cmUvNjc0MTg0YmQ0OGViZmMyYzcwOTNkMmI5M2IwYzhjNTViZTkwODI2ZDZjNDJjNGI2NDRhNDFjNDZhN2Q1ODkwOSJ9fX0=,Witch's Cauldron
2025-12-26T16:23:26.070034,1 Diamond,1 Player Head,"3347,56,5075",T,Halloween,,eyJ0ZXh0dXJlcyI6eyJTS0lOIjp7InVybCI6Imh0dHA6Ly90ZXh0dXJlcy5taW5lY3JhZnQubmV0L3RleHR1cmUvOTNhNzI4YWQ4ZDMxNDg2YTdmOWFhZDIwMGVkYjM3M2VhODAzZDFmYzVmZDQzMjFiMmUyYTk3MTM0ODIzNDQ0MyJ9fX0=,Blue Cauldron
2025-12-26T16:23:27.812470,1 Diamond,1 Player Head,"3346,56,5075",T,Halloween,,eyJ0ZXh0dXJlcyI6eyJTS0lOIjp7InVybCI6Imh0dHA6Ly90ZXh0dXJlcy5taW5lY3JhZnQubmV0L3RleHR1cmUvNDFiOTc2NzlhNjYxNjk3MWM1OGM3Yzg0MGZlYTc4ZGY1NTc0NDY5ZWRhOTFiNTNlZjgwNThjYWNkZTBlMDIwYSJ9fX0=,Blood Cauldron
2025-12-26T16:23:29.502965,1 Diamond,1 Player Head,"3345,56,5075",T,Halloween,,eyJ0ZXh0dXJlcyI6eyJTS0lOIjp7InVybCI6Imh0dHA6Ly90ZXh0dXJlcy5taW5lY3JhZnQubmV0L3RleHR1cmUvMWVhODUyMGVjNmY1MWJkZWE2YTQyNDY1MjhiODAyNzcyMjVkNjRkZDExNTA2YWFkZjNlMzUwZWYzNjBmNzA0OSJ9fX0=,Lava Cauldron
2025-12-26T16:23:31.304916,1 Diamond,1 Player Head,"3344,56,5075",F,Halloween,,eyJ0ZXh0dXJlcyI6eyJTS0lOIjp7InVybCI6Imh0dHA6Ly90ZXh0dXJlcy5taW5lY3JhZnQubmV0L3RleHR1cmUvZTA0MTE0M2YzNWQ1OTFhNzllY2ZmMTc0OWIyNDBiMTBkZTBjYmViZGQ1OTg3NTBkZDg3YTdmNWRkM2VkMWJkNCJ9fX0=,Jar of Skull
2025-12-26T16:23:33.123035,1 Diamond,1 Player Head,"3343,56,5075",T,Halloween,,eyJ0ZXh0dXJlcyI6eyJTS0lOIjp7InVybCI6Imh0dHA6Ly90ZXh0dXJlcy5taW5lY3JhZnQubmV0L3RleHR1cmUvZGRhMTUxYTQ2OWQzMjA2ZWUwNmFkZTczMWFmZDNjZDE1N2I1ZmI0Nzg5OTdiY2Y5MGMyNDBiMGJkNmMyNjliYyJ9fX0=,Jar of Blazing
2025-12-26T16:23:34.753606,1 Diamond,1 Player Head,"3342,56,5075",T,Halloween,,eyJ0ZXh0dXJlcyI6eyJTS0lOIjp7InVybCI6Imh0dHA6Ly90ZXh0dXJlcy5taW5lY3JhZnQubmV0L3RleHR1cmUvNTI5YmRkNGMwM2FmOWMwY2YyYjFmOTQ4OTNiYTNjNTNlNzFlNDY4Mzg5ZmViMTQ3YzFiZjg2ODMyYjhmZWQyNiJ9fX0=,Jar of Megabrains
2025-12-26T16:23:36.321612,1 Diamond,1 Player Head,"3341,56,5075",T,Halloween,,eyJ0ZXh0dXJlcyI6eyJTS0lOIjp7InVybCI6Imh0dHA6Ly90ZXh0dXJlcy5taW5lY3JhZnQubmV0L3RleHR1cmUvMWI3ZjYyMTRhMjc5Mjg3Y2EwZDI0OWY5MjU3NzcyYTJhYzk5ZDIzN2QxMjU4YjkzM2RiMTNjZjM3MTJjYjBmNSJ9fX0=,Jar of Brains
2025-12-26T16:23:38.156111,1 Diamond,1 Player Head,"3340,56,5075",F,Halloween,,eyJ0ZXh0dXJlcyI6eyJTS0lOIjp7InVybCI6Imh0dHA6Ly90ZXh0dXJlcy5taW5lY3JhZnQubmV0L3RleHR1cmUvNWEzMTZkNTg1Yjc4OWI1ODJmMmQ5OWU4ZTZjYjJkNzA0MzNlODk5NmZhYjAyNGE3NGJjNzkwZTIyYWVkY2RlYiJ9fX0=,Jar of Pufferfish
2025-12-26T16:23:39.811763,1 Diamond,1 Player Head,"3339,56,5075",T,Halloween,,eyJ0ZXh0dXJlcyI6eyJTS0lOIjp7InVybCI6Imh0dHA6Ly90ZXh0dXJlcy5taW5lY3JhZnQubmV0L3RleHR1cmUvMTNjNzZkMTA3OWM5NWUzYzc5ZGRmOTUxNDJmYzc0YzQ4ZjY1MjA1ZTQ2NWQxMDJiZjc4MjY1Y2E3ZTk3MDZkMiJ9fX0=,Jar of Dragon Breath
2025-12-26T16:23:41.244672,1 Diamond,1 Player Head,"3338,56,5075",T,Halloween,,eyJ0ZXh0dXJlcyI6eyJTS0lOIjp7InVybCI6Imh0dHA6Ly90ZXh0dXJlcy5taW5lY3JhZnQubmV0L3RleHR1cmUvZGQwMGJhOGMwM2ZjNmU0ZTY5YmU1MjQ4Y2MyYzA1OTIzOTBmMDUyZjY0ZDgyNWQzNTRkNTU5NmE1N2EyNzE2MCJ9fX0=,Bag of Hearts
2025-12-26T16:23:43.019936,1 Diamond,1 Player Head,"3337,56,5075",T,Halloween,,eyJ0ZXh0dXJlcyI6eyJTS0lOIjp7InVybCI6Imh0dHA6Ly90ZXh0dXJlcy5taW5lY3JhZnQubmV0L3RleHR1cmUvMWEyYTRmNjhiMDhmZDQ1ODJkM2VmMTI5YjQxMDlhZjY5MjU5NDUxZmIzN2I4MzI2YTVmOWFiOTVkNWZhMWRhMSJ9fX0=,Bag of Leaves (Red)
2025-12-26T16:23:46.426989,1 Diamond,1 Player Head,"3336,56,5075",T,Halloween,,eyJ0ZXh0dXJlcyI6eyJTS0lOIjp7InVybCI6Imh0dHA6Ly90ZXh0dXJlcy5taW5lY3JhZnQubmV0L3RleHR1cmUvYTg5ODZhMWM4YjQ3ZjZjYzIwMTZjOTVhOWFjZTAzMGFhMjlhNzEwNmMyNjQwOWQzYWZkYjJjNDA1ZmJlOGE4YSJ9fX0=,Bag of Leaves (Green)
2025-12-26T16:23:47.891966,1 Diamond,1 Player Head,"3335,56,5075",T,Halloween,,eyJ0ZXh0dXJlcyI6eyJTS0lOIjp7InVybCI6Imh0dHA6Ly90ZXh0dXJlcy5taW5lY3JhZnQubmV0L3RleHR1cmUvMTZmYWRmMWZmZDFlNDQzZGZjNzBkODkyZjg3ZjFiMzNiNTRkNTQwNmY0OTQ0NzQzMDMyNDgzZTBjYTY1NjRiYyJ9fX0=,Bag of Leaves (Brown)
2025-12-26T16:23:50.295341,1 Diamond,1 Player Head,"3336,59,5075",T,Halloween,,eyJ0ZXh0dXJlcyI6eyJTS0lOIjp7InVybCI6Imh0dHA6Ly90ZXh0dXJlcy5taW5lY3JhZnQubmV0L3RleHR1cmUvMjY2ZTU3MGE2NDhlMTlkYjU4ZjVlMGU3YTc2NjdmNTk5YjE4NzFmMjg2YjM2NTcyYzRiNzczNzQ5MWM5YjA2MCJ9fX0=,Red Oni
2025-12-26T16:23:51.866744,1 Diamond,1 Player Head,"3337,59,5075",T,Halloween,,eyJ0ZXh0dXJlcyI6eyJTS0lOIjp7InVybCI6Imh0dHA6Ly90ZXh0dXJlcy5taW5lY3JhZnQubmV0L3RleHR1cmUvZTZmZjgxNThmMjE4Zjc2ODMyNjI0NDNkYjVhZDQzOGQxOWQ5YmJjNWQ0NWQ2YzQ1Y2U1NDNjOGE0NzNhYWRmZiJ9fX0=,Black Oni
2025-12-26T16:23:53.317865,1 Diamond,1 Player Head,"3338,59,5075",T,Halloween,,eyJ0ZXh0dXJlcyI6eyJTS0lOIjp7InVybCI6Imh0dHA6Ly90ZXh0dXJlcy5taW5lY3JhZnQubmV0L3RleHR1cmUvODk5ZTIzOWYyN2YzNTc2MWI1NzI2ZGM3N2I2YjVhM2RiMzc3ZDI1ZjdlNGVmODQ2ZGFhZWM3NmUzNWNiYTM3MyJ9fX0=,Blue Oni
2025-12-26T16:23:54.991394,1 Diamond,1 Player Head,"3339,59,5075",F,Halloween,,eyJ0ZXh0dXJlcyI6eyJTS0lOIjp7InVybCI6Imh0dHA6Ly90ZXh0dXJlcy5taW5lY3JhZnQubmV0L3RleHR1cmUvZjZhYzcwNDg1ZGFjNmRkODZhN2ZhNDVjYWYyZjM1MzA4ZjdjYTZhMDgyODFhNDNiOTAyYTM4MzRkZjIyYjk1NyJ9fX0=,Alex Jar
2025-12-26T16:23:56.620335,1 Diamond,1 Player Head,"3340,59,5075",T,Halloween,,eyJ0ZXh0dXJlcyI6eyJTS0lOIjp7InVybCI6Imh0dHA6Ly90ZXh0dXJlcy5taW5lY3JhZnQubmV0L3RleHR1cmUvMTNkZmNjNjhlM2Y1NDgzZjIwZDU5MmM0Nzc5MGRkODQ4ZjczN2FjNjgwZjRkMGViOTYyZGI5M2ZmMmQ5ZWU0YiJ9fX0=,Jar of Sea Pickles
2025-12-26T16:23:58.161555,1 Diamond,1 Player Head,"3341,59,5075",F,Halloween,,eyJ0ZXh0dXJlcyI6eyJTS0lOIjp7InVybCI6Imh0dHA6Ly90ZXh0dXJlcy5taW5lY3JhZnQubmV0L3RleHR1cmUvOWZjMDE5MmU3OTA4OTc3MDQ2NjdjNzI0MWQzNWNiNjRlMjU1ZDJhOTMzNDYyY2ZlODVlN2Q1YzAxMzRmNGJlYSJ9fX0=,Jar of Ghast
2025-12-26T16:23:59.662584,1 Diamond,1 Player Head,"3342,59,5075",F,Halloween,,eyJ0ZXh0dXJlcyI6eyJTS0lOIjp7InVybCI6Imh0dHA6Ly90ZXh0dXJlcy5taW5lY3JhZnQubmV0L3RleHR1cmUvYTRiOTNmNDE1MzJmYzI3ZWY3ZGY5MzNjMTgxYWMzMTY2ZDU2MDM3ZDVjNWZmNzVkMmU4NWFmZTM3Y2EyNTdkMyJ9fX0=,Jar of Lava
2025-12-26T16:24:01.012670,1 Diamond,1 Player Head,"3343,59,5075",T,Halloween,,eyJ0ZXh0dXJlcyI6eyJTS0lOIjp7InVybCI6Imh0dHA6Ly90ZXh0dXJlcy5taW5lY3JhZnQubmV0L3RleHR1cmUvZGQ3ODA5ZjczMjQyMWM3NDA2YjY5ODRkMWZhYWViZTk3ZTJiY2I1NmJkNGI2MTEzMDdhYjM3NDAxZjc0MjhkOCJ9fX0=,Pumpkin Jar
2025-12-26T16:24:02.392516,1 Diamond,1 Player Head,"3344,59,5075",F,Halloween,,eyJ0ZXh0dXJlcyI6eyJTS0lOIjp7InVybCI6Imh0dHA6Ly90ZXh0dXJlcy5taW5lY3JhZnQubmV0L3RleHR1cmUvMTU5NzYyZTUzOTM1Y2I5NTYxNmE2MGY5MzZmOGYxNzgxZWQzYzI3OWY5NjVhMWI2ZWE5NTA2NDkyODFkNTY3In19fQ==,Jar of Brain
2025-12-26T16:24:03.841540,1 Diamond,1 Player Head,"3345,59,5075",T,Halloween,,eyJ0ZXh0dXJlcyI6eyJTS0lOIjp7InVybCI6Imh0dHA6Ly90ZXh0dXJlcy5taW5lY3JhZnQubmV0L3RleHR1cmUvZjNmYTIxMTk5OWJkMzcxYjcwZTlmZjhkZTUyMDFlMTEzNDMwNGUzNDBiODEzZjVhZjE2MTE1ZWRkNjVhMmFjZCJ9fX0=,Brain
2025-12-26T16:24:05.939509,1 Diamond,1 Player Head,"3346,59,5075",T,Halloween,,eyJ0ZXh0dXJlcyI6eyJTS0lOIjp7InVybCI6Imh0dHA6Ly90ZXh0dXJlcy5taW5lY3JhZnQubmV0L3RleHR1cmUvNTE4MjUzZjNhNjhiNGFiM2U1ZDM2Yzk3NDU2YTJiMmZjNzlhNjg2NjJjMzAxODRhNTdkZDZiZTE1MWYwYmNiOSJ9fX0=,Glass Brain
2025-12-26T16:24:07.359822,1 Diamond,1 Player Head,"3347,59,5075",T,Halloween,,eyJ0ZXh0dXJlcyI6eyJTS0lOIjp7InVybCI6Imh0dHA6Ly90ZXh0dXJlcy5taW5lY3JhZnQubmV0L3RleHR1cmUvYmQyYjY1Yjc5YjQ5MDQ1MTRhMGZjNzIzMmVhODlhOWU4YzZhYzYwZWUzZGJhMWI1OTc1Yjc3NTUxMjczMzhhNCJ9fX0=,Blood Red Potion
2025-12-26T16:24:08.836542,1 Diamond,1 Player Head,"3348,59,5075",F,Halloween,,eyJ0ZXh0dXJlcyI6eyJTS0lOIjp7InVybCI6Imh0dHA6Ly90ZXh0dXJlcy5taW5lY3JhZnQubmV0L3RleHR1cmUvYWMxYjE3Y2M2YzljNzYwZDc4NjE5MjUzYmE0ZjZjY2ZmNDE1MjRhZWMxMDViMWQyNjQxYTc0ZjM1Njk2NzgzMSJ9fX0=,Pink Potion
2025-12-26T16:24:10.687302,1 Diamond,1 Player Head,"3349,59,5075",T,Halloween,,eyJ0ZXh0dXJlcyI6eyJTS0lOIjp7InVybCI6Imh0dHA6Ly90ZXh0dXJlcy5taW5lY3JhZnQubmV0L3RleHR1cmUvM2FlZjRlMjFlNDY3OTg1MmM0Zjk5ZGIxYjM4ZTZhZjM3MmRlNjhlNzNlODM1OTNiNGQxZTMwODkxZDFjYmY2ZCJ9fX0=,Rooted Drowned
2025-12-26T16:24:12.122140,1 Diamond,1 Player Head,"3350,59,5075",F,Halloween,,eyJ0ZXh0dXJlcyI6eyJTS0lOIjp7InVybCI6Imh0dHA6Ly90ZXh0dXJlcy5taW5lY3JhZnQubmV0L3RleHR1cmUvZjFmMmFjYzFiYzcyNjhmNzUxNzZmZTRmMjY2ZjUyYjU4ZTkwOTlkYjc0ZjYyYjE5YzI5MzA2NDlkNTU4ZTdmOSJ9fX0=,Rooted Skeleton
2025-12-26T16:24:13.554488,1 Diamond,1 Player Head,"3351,59,5075",F,Halloween,,eyJ0ZXh0dXJlcyI6eyJTS0lOIjp7InVybCI6Imh0dHA6Ly90ZXh0dXJlcy5taW5lY3JhZnQubmV0L3RleHR1cmUvZDQ0ZjZjNTMxZDg5MjE4ZTg4YmNkMWY3NTIzNzEzNWIxNDhhMmNlMzQzNWIzNzEzNGRhMTMxZmEyMWU2MTU3MSJ9fX0=,Rooted Zombie
2025-12-26T16:24:15.171468,1 Diamond,1 Player Head,"3352,59,5075",T,Halloween,,eyJ0ZXh0dXJlcyI6eyJTS0lOIjp7InVybCI6Imh0dHA6Ly90ZXh0dXJlcy5taW5lY3JhZnQubmV0L3RleHR1cmUvYWJiMTIzZTAzYmM5OWRjOTUzYjM0ZmY1YzljMzU0YzhmOTkwNDdlYTllMTY0YTZiMGIzNjJiZWM5OGE2N2EwYiJ9fX0=,The Flesh
2025-12-26T16:24:19.451184,1 Diamond,1 Player Head,"3333,56,5077",T,Halloween,,eyJ0ZXh0dXJlcyI6eyJTS0lOIjp7InVybCI6Imh0dHA6Ly90ZXh0dXJlcy5taW5lY3JhZnQubmV0L3RleHR1cmUvNzdmN2E3YmM4YWM4NmYyM2NhN2JmOThhZmViNzY5NjAyMjdlMTgzMmZlMjA5YTMwMjZmNmNlYjhiZGU3NGY1NCJ9fX0=,Unlit Red Candle
2025-12-26T16:24:21.893573,1 Diamond,1 Player Head,"3333,56,5078",T,Halloween,,eyJ0ZXh0dXJlcyI6eyJTS0lOIjp7InVybCI6Imh0dHA6Ly90ZXh0dXJlcy5taW5lY3JhZnQubmV0L3RleHR1cmUvYzNiNWY1YjY4MjNmYmZiYzg0OGMyMDU2MmIwN2UyZDQxNGY2ODVlOTk2ZTMxZDEwNDYwZWZhNjFhODIyYWExMSJ9fX0=,Lit Red Candle
2025-12-26T16:24:24.865842,1 Diamond,1 Player Head,"3333,56,5079",T,Halloween,,eyJ0ZXh0dXJlcyI6eyJTS0lOIjp7InVybCI6Imh0dHA6Ly90ZXh0dXJlcy5taW5lY3JhZnQubmV0L3RleHR1cmUvYjhhY2IzMTJkMTk2OWE3ZTFkM2M3NTg0YWNmMWQzZGRjN2RhN2FkZjI1NjExYjA1OTY5YmEzODE1MDcwMWM2ZCJ9fX0=,Unlit Red Skull Candle
2025-12-26T16:24:26.402920,1 Diamond,1 Player Head,"3333,56,5080",T,Halloween,,eyJ0ZXh0dXJlcyI6eyJTS0lOIjp7InVybCI6Imh0dHA6Ly90ZXh0dXJlcy5taW5lY3JhZnQubmV0L3RleHR1cmUvNzU2OTk1Yzg4ZDc0ZWE5ZTkxNzFkNGY2YjU3NTgyMzUyNzE2OGYzYzJhMTRlNjZjY2NiNzdjZWQxYmYxMzcxMSJ9fX0=,Lit Red Skull Candle
2025-12-26T16:24:28.178033,1 Diamond,1 Player Head,"3333,56,5081",T,Halloween,,eyJ0ZXh0dXJlcyI6eyJTS0lOIjp7InVybCI6Imh0dHA6Ly90ZXh0dXJlcy5taW5lY3JhZnQubmV0L3RleHR1cmUvMjc0NDYwMmRhNTk5YzVkZmFiZmI3YWE4MTcwZTc5ODk4MDg4ZTUyZDcyNmFlODdiMDUzYjY4YWRjOThmYWEzMiJ9fX0=,Lit Black Skull Candle
2025-12-26T16:24:30.185492,1 Diamond,1 Player Head,"3333,56,5082",T,Halloween,,eyJ0ZXh0dXJlcyI6eyJTS0lOIjp7InVybCI6Imh0dHA6Ly90ZXh0dXJlcy5taW5lY3JhZnQubmV0L3RleHR1cmUvYWU2YTc1NWRmOTVkZDM3MmY1NmMxMmZhZjY5MTA3ZDk1M2VjYzM4YjliY2U2ODIyNjU5MzY3YjU0MWVmZmYxZiJ9fX0=,Unlit Black Skull Candle
2025-12-26T16:24:31.724287,1 Diamond,1 Player Head,"3333,56,5083",T,Halloween,,eyJ0ZXh0dXJlcyI6eyJTS0lOIjp7InVybCI6Imh0dHA6Ly90ZXh0dXJlcy5taW5lY3JhZnQubmV0L3RleHR1cmUvNDIxMGE5MTBlMDAyMThiMjliOTAwNjQxNDNmOWRhODE4Y2NiYmJlMjdhZWQ0N2U3YjJmZGQ4YzBjMTg0ZjU2YyJ9fX0=,Lit Gray Skull Candle
2025-12-26T16:24:33.402156,1 Diamond,1 Player Head,"3333,56,5084",T,Halloween,,eyJ0ZXh0dXJlcyI6eyJTS0lOIjp7InVybCI6Imh0dHA6Ly90ZXh0dXJlcy5taW5lY3JhZnQubmV0L3RleHR1cmUvMmVmYjVjMTk4ZmU3NGZlYjk4OGRjYjlhZjg5MGI2OWU4MTY5ZjU3MTRhN2FiNGZlODc5NWJkMWY2NmRmNjM3ZiJ9fX0=,Lit Jack-o-Lantern Candle
2025-12-26T16:24:35.191849,1 Diamond,1 Player Head,"3333,56,5085",T,Halloween,,eyJ0ZXh0dXJlcyI6eyJTS0lOIjp7InVybCI6Imh0dHA6Ly90ZXh0dXJlcy5taW5lY3JhZnQubmV0L3RleHR1cmUvMjY5ODg5MjNkZDRiMWEzOTRiN2Q2MjQ3Njc1ZjU0Y2JhZGYwNWE2MDIyY2U2YzEzYjczODYxM2Y4NzQ2NjAzNSJ9fX0=,Pumpkin Cake
2025-12-26T16:24:36.652736,1 Diamond,1 Player Head,"3333,56,5086",T,Halloween,,eyJ0ZXh0dXJlcyI6eyJTS0lOIjp7InVybCI6Imh0dHA6Ly90ZXh0dXJlcy5taW5lY3JhZnQubmV0L3RleHR1cmUvMzJlZmM4YjZjYTYxMDk3ZjAxNTgwMmI1ZjY1NjFkYTk3N2U4OTE0MmQzZjYzY2E4ODhlMmQ0OTFkOWQ4OWVkMSJ9fX0=,Green Pumpkin Cake
2025-12-26T16:24:38.200614,1 Diamond,1 Player Head,"3333,56,5087",T,Halloween,,eyJ0ZXh0dXJlcyI6eyJTS0lOIjp7InVybCI6Imh0dHA6Ly90ZXh0dXJlcy5taW5lY3JhZnQubmV0L3RleHR1cmUvYjdjYWI1NmM4MmNiODFiZGI5OTc5YTQ2NGJjOWQzYmEzZTY3MjJiYTEyMmNmNmM1Mjg3MzAxMGEyYjU5YWVmZSJ9fX0=,Tombstone
2025-12-26T16:24:39.650695,1 Diamond,1 Player Head,"3333,56,5088",T,Halloween,,eyJ0ZXh0dXJlcyI6eyJTS0lOIjp7InVybCI6Imh0dHA6Ly90ZXh0dXJlcy5taW5lY3JhZnQubmV0L3RleHR1cmUvMjRlMWZkOTk5Njg4OTliMzRlYWM3MWZlNmFmZjdlNTNkYTI4MWYwYjBmNDdmMGE4MmRmNWY3NmVmNzlkMjU3MCJ9fX0=,Fungi
2025-12-26T16:24:41.162313,1 Diamond,1 Player Head,"3333,59,5088",T,Halloween,,eyJ0ZXh0dXJlcyI6eyJTS0lOIjp7InVybCI6Imh0dHA6Ly90ZXh0dXJlcy5taW5lY3JhZnQubmV0L3RleHR1cmUvMWFiOWRkODlkZmZlZWVjM2Q3NzdkYmQ4ZDRmYWIzMmY3NGY3NGZkNmFmZWE4YWVmOTEwOWIyYTg4NzU3YTkifX19,Decayed Minotaur
2025-12-26T16:24:42.654821,1 Diamond,1 Player Head,"3333,59,5087",T,Halloween,,eyJ0ZXh0dXJlcyI6eyJTS0lOIjp7InVybCI6Imh0dHA6Ly90ZXh0dXJlcy5taW5lY3JhZnQubmV0L3RleHR1cmUvN2QxMzRhYWI1MDAxZTFlMjc2YjE5NzYyOTE5YTM0YzdlNDk1YmE5ODM1MTMyYjE5YWRmNmY0MWE4Y2JhNmE3MiJ9fX0=,Pumpkin Man
2025-12-26T16:24:44.673979,1 Diamond,1 Player Head,"3333,59,5086",F,Halloween,,eyJ0ZXh0dXJlcyI6eyJTS0lOIjp7InVybCI6Imh0dHA6Ly90ZXh0dXJlcy5taW5lY3JhZnQubmV0L3RleHR1cmUvOGQ1NGNhYjg2NGE5ZWFjZDg0OWU5ZjFkM2Q3MTc2MzdlMTdkYzdkN2JiYTVkODk0ZGMzMmY2MWYzODdkNDk1NyJ9fX0=,Witch Plushie
2025-12-26T16:24:46.392733,1 Diamond,1 Player Head,"3333,59,5085",T,Halloween,,eyJ0ZXh0dXJlcyI6eyJTS0lOIjp7InVybCI6Imh0dHA6Ly90ZXh0dXJlcy5taW5lY3JhZnQubmV0L3RleHR1cmUvZTY5Njc1MDE2ZTEzY2RhMDI0M2E4ZTAxNDhlY2M5YWUzYjM1MTQ3YmE4Yzg1YjM0YTk3ZTkzYmM1Nzc0MjIzIn19fQ==,Piglin Plushie
2025-12-26T16:24:47.732106,1 Diamond,1 Player Head,"3333,59,5084",F,Halloween,,eyJ0ZXh0dXJlcyI6eyJTS0lOIjp7InVybCI6Imh0dHA6Ly90ZXh0dXJlcy5taW5lY3JhZnQubmV0L3RleHR1cmUvNzE2ZmFkNGVkNWFhZjdkM2Y2ZWFkZjkyZDQ1NWJhMzJkNjE1ZDg1NmNkOTY0YjMwY2Y2YzVjMGM1NzUxZGE5YyJ9fX0=,Zombie Pigman Plushie
2025-12-26T16:24:49.097133,1 Diamond,1 Player Head,"3333,59,5083",T,Halloween,,eyJ0ZXh0dXJlcyI6eyJTS0lOIjp7InVybCI6Imh0dHA6Ly90ZXh0dXJlcy5taW5lY3JhZnQubmV0L3RleHR1cmUvMDZhZWE2YWNhMWE4MWIyM2JkOGM1ZTUwOGZlNzY2NDhmYzJlNDFmYWExYzhmYzI2Y2ZhOGJkY2U0MTYzIn19fQ==,Zombie Plushie
2025-12-26T16:24:50.512212,1 Diamond,1 Player Head,"3333,59,5082",T,Halloween,,eyJ0ZXh0dXJlcyI6eyJTS0lOIjp7InVybCI6Imh0dHA6Ly90ZXh0dXJlcy5taW5lY3JhZnQubmV0L3RleHR1cmUvNTdiNDZiZmE3YjI0OWFhOTY2OGYzMGYzYzkwYTA3MTY0YjMyNjkyOWYyMjAzNGIwNGY0YTkxMDQxYTZiYWFmMSJ9fX0=,Lantern (Green)
2025-12-26T16:24:51.855344,1 Diamond,1 Player Head,"3333,59,5081",T,Halloween,,eyJ0ZXh0dXJlcyI6eyJTS0lOIjp7InVybCI6Imh0dHA6Ly90ZXh0dXJlcy5taW5lY3JhZnQubmV0L3RleHR1cmUvNmE3NTVmY2I0MzQ3YmZkOWJiNDdkY2YyYWYxMzk5YjY0ODFmODAwYTg3MTY0NmM1YzQ3MmI4OTc5OTZmYzY0NyJ9fX0=,Lantern (Yellow)
2025-12-26T16:24:53.364102,1 Diamond,1 Player Head,"3333,59,5080",T,Halloween,,eyJ0ZXh0dXJlcyI6eyJTS0lOIjp7InVybCI6Imh0dHA6Ly90ZXh0dXJlcy5taW5lY3JhZnQubmV0L3RleHR1cmUvYWUwMTVmNmIxMjEzZjU0MTFhMzRhMDIyYTI5ZGY3Zjc3MTMxNWExNzNlOTAxNzhiOTI3ZGE5MDIzMTQzYWU2MyJ9fX0=,Lantern (Purple)
2025-12-26T16:24:54.886717,1 Diamond,1 Player Head,"3333,59,5079",T,Halloween,,eyJ0ZXh0dXJlcyI6eyJTS0lOIjp7InVybCI6Imh0dHA6Ly90ZXh0dXJlcy5taW5lY3JhZnQubmV0L3RleHR1cmUvODc5ODY5YTk4N2I4MmVjMjkzYWUzNDUxOTc2YjZhMWQ4MjFkZWUwZDhiZTdiMzkxOWY4YWQ5Y2M4ZTU1OGE1MiJ9fX0=,Lantern (Orange)
2025-12-26T16:24:56.274382,1 Diamond,1 Player Head,"3333,59,5078",T,Halloween,,eyJ0ZXh0dXJlcyI6eyJTS0lOIjp7InVybCI6Imh0dHA6Ly90ZXh0dXJlcy5taW5lY3JhZnQubmV0L3RleHR1cmUvYzZlOTM4NTNmZWMxODdlMTkwYWJkNWUwMTcxN2IyZTE1YzE1ZmU2MGJmMzVhZmEzNGJkMTc2YmRiOGFjNzdiIn19fQ==,Lantern (Gray)
2025-12-26T16:24:57.766419,1 Diamond,1 Player Head,"3333,59,5077",T,Halloween,,eyJ0ZXh0dXJlcyI6eyJTS0lOIjp7InVybCI6Imh0dHA6Ly90ZXh0dXJlcy5taW5lY3JhZnQubmV0L3RleHR1cmUvYmI2N2VkYzAzZWJhMThiYTdiOWZmYWNjNDQwODZlNjJlYzVmNzkwNTMzN2Q0MTY0MDAzMTdiM2I5OGJhNWM4YiJ9fX0=,Lantern (Blue)
2025-12-26T16:25:01.437747,1 Diamond,1 Player Head,"3335,56,5090",T,Halloween,,eyJ0ZXh0dXJlcyI6eyJTS0lOIjp7InVybCI6Imh0dHA6Ly90ZXh0dXJlcy5taW5lY3JhZnQubmV0L3RleHR1cmUvYjE2Y2M1NzU1Y2RkMjYwZjdiNGI1YzFhMWYxZjNiZDMxODUxZmMxZDk4Yjc0NDM3YjJmYjRiZDZlYjhkMiJ9fX0=,Fancy Book
2025-12-26T16:25:03.696634,1 Diamond,1 Player Head,"3336,56,5090",T,Halloween,,eyJ0ZXh0dXJlcyI6eyJTS0lOIjp7InVybCI6Imh0dHA6Ly90ZXh0dXJlcy5taW5lY3JhZnQubmV0L3RleHR1cmUvOGUxNTU5NDhjYTg1YjA1MTM3ZDJkM2E1YjA4MmY1N2U3NmM2ODFiZmNkZjRmMGRjZjg2ZWFmZjY4MWI5MzY3OCJ9fX0=,Mushroom Books (Brown)
2025-12-26T16:25:05.159324,1 Diamond,1 Player Head,"3337,56,5090",F,Halloween,,eyJ0ZXh0dXJlcyI6eyJTS0lOIjp7InVybCI6Imh0dHA6Ly90ZXh0dXJlcy5taW5lY3JhZnQubmV0L3RleHR1cmUvNWZhZWVjY2FiNjY0NWQ1MzE5ZDI5OGZiYzRmN2EwMzY3ZDllMTA5Mzc2ZDEyNTE5MzlmZWUzM2Y3OTkxZDliNiJ9fX0=,Soul Sand Book
2025-12-26T16:25:12.243196,1 Diamond,1 Player Head,"3338,56,5090",T,Halloween,,eyJ0ZXh0dXJlcyI6eyJTS0lOIjp7InVybCI6Imh0dHA6Ly90ZXh0dXJlcy5taW5lY3JhZnQubmV0L3RleHR1cmUvZTdlYTFiYTNhMjZjYmM0YzgxODI4MWMyMmE5OTliOGYxYTcxZDEzMzgzMzAzMDU2OTc1MDExYjZkMTIxMmI0NCJ9fX0=,Death Note
2025-12-26T16:25:14.405586,1 Diamond,1 Player Head,"3339,56,5090",T,Halloween,,eyJ0ZXh0dXJlcyI6eyJTS0lOIjp7InVybCI6Imh0dHA6Ly90ZXh0dXJlcy5taW5lY3JhZnQubmV0L3RleHR1cmUvOGQ1NmQ3ZWNlMWVjMWMwOWY0MzE0YTVmMWFiMGZiZDAzN2RkMTExYmNjZDM1OWRlZDQyN2QzNDg4YmY4NDkyYyJ9fX0=,Candy Corn Books
2025-12-26T16:25:16.108925,1 Diamond,1 Player Head,"3340,56,5090",T,Halloween,,eyJ0ZXh0dXJlcyI6eyJTS0lOIjp7InVybCI6Imh0dHA6Ly90ZXh0dXJlcy5taW5lY3JhZnQubmV0L3RleHR1cmUvNTQ1NWYzODVmNmRjNTMzZGY0NmYxNWYwY2Q2YTllYzZiMDdlZjcwMjA1ZWI4ODNjOWUwNzFjOTBlODg0OGYxYiJ9fX0=,Mushroom Books (Red)
2025-12-26T16:25:17.676862,1 Diamond,1 Player Head,"3341,56,5090",T,Halloween,,eyJ0ZXh0dXJlcyI6eyJTS0lOIjp7InVybCI6Imh0dHA6Ly90ZXh0dXJlcy5taW5lY3JhZnQubmV0L3RleHR1cmUvMWMyMWViYzAwMzAxMmIxMjhjNTEwYTg1OThlMTM5ZjUxZjBlYzg4YmE1Y2VhNTg1ZWYwMDdlZDc1NDgzN2ZlMyJ9fX0=,Pumpkin Books
2025-12-26T16:25:19.175445,1 Diamond,1 Player Head,"3342,56,5090",T,Halloween,,eyJ0ZXh0dXJlcyI6eyJTS0lOIjp7InVybCI6Imh0dHA6Ly90ZXh0dXJlcy5taW5lY3JhZnQubmV0L3RleHR1cmUvNGQ2NmNmZWJkN2RjMmFkNGQ4YWQ2MjI0NTIyYjcwNmNmYzIzYjkwZTViYTE3OGEzMGY1OWMzZGY0OGFhMmZhOSJ9fX0=,Jack-o-Lantern Books
2025-12-26T16:25:20.670204,1 Diamond,1 Player Head,"3343,56,5090",T,Halloween,,eyJ0ZXh0dXJlcyI6eyJTS0lOIjp7InVybCI6Imh0dHA6Ly90ZXh0dXJlcy5taW5lY3JhZnQubmV0L3RleHR1cmUvOTVhMzVhNDk5ZTUzODllNzNmNTUwNzI0NWUyYTk0ZmZhNzczZDc3ZGU5MDk3ZWRiNzdkYTAwOGFlZTk3NmNmNSJ9fX0=,Death Books
2025-12-26T16:25:22.029077,1 Diamond,1 Player Head,"3344,56,5090",T,Halloween,,eyJ0ZXh0dXJlcyI6eyJTS0lOIjp7InVybCI6Imh0dHA6Ly90ZXh0dXJlcy5taW5lY3JhZnQubmV0L3RleHR1cmUvOWFjNGVhNjk0YzJlMWU1NmQ2YWExZGE4ZmMzYTYzYTc4MmMxMzhjZDYwNmVhZGY4YzIyMDJlZDc3ZmZjMjM5OSJ9fX0=,Mossy Books
2025-12-26T16:25:23.709377,1 Diamond,1 Player Head,"3345,56,5090",F,Halloween,,eyJ0ZXh0dXJlcyI6eyJTS0lOIjp7InVybCI6Imh0dHA6Ly90ZXh0dXJlcy5taW5lY3JhZnQubmV0L3RleHR1cmUvMzJlYTg1Yzg1ZmUwNDg0YWY2YzgxNWVmYjY1NWQyYjIxZTEwOTg2M2M5NjMzM2I5MjgwYjU5YjgwZDZhYzk4ZiJ9fX0=,Enchanted Book
2025-12-26T16:25:25.117066,1 Diamond,1 Player Head,"3346,56,5090",T,Halloween,,eyJ0ZXh0dXJlcyI6eyJTS0lOIjp7InVybCI6Imh0dHA6Ly90ZXh0dXJlcy5taW5lY3JhZnQubmV0L3RleHR1cmUvZGM2ODU5MWI5MTE5OGU2ZTEzODQ4NjBjZjczMTZmMjllMDM4YjY5ZGVhOTg0YzczZjZjMWNiOTUwYTE0ZCJ9fX0=,Possessed Book
2025-12-26T16:25:26.619405,1 Diamond,1 Player Head,"3347,56,5090",T,Halloween,,eyJ0ZXh0dXJlcyI6eyJTS0lOIjp7InVybCI6Imh0dHA6Ly90ZXh0dXJlcy5taW5lY3JhZnQubmV0L3RleHR1cmUvYTZiOWUxZDgzMzBiYzkwYWIxZWIwNDdiZmQ1ZDNhZmJlZmIzNmExZGFhNmFkOTYzZTkxNGNmOGEyZTRiMmI4NiJ9fX0=,Bloody Books
2025-12-26T16:25:28.639786,1 Diamond,1 Player Head,"3348,56,5090",T,Halloween,,eyJ0ZXh0dXJlcyI6eyJTS0lOIjp7InVybCI6Imh0dHA6Ly90ZXh0dXJlcy5taW5lY3JhZnQubmV0L3RleHR1cmUvZjQ3YzMyMzY3NmVkMWQyZTUyNjIyYTA2ZjJmNmJhNTE4MTJlNmM4NmE2NjNhZjUyYjBiNDY1NDlhNWU1ZmI1MSJ9fX0=,Jack-o-Lantern (Green)
2025-12-26T16:25:30.664357,1 Diamond,1 Player Head,"3349,56,5090",F,Halloween,,eyJ0ZXh0dXJlcyI6eyJTS0lOIjp7InVybCI6Imh0dHA6Ly90ZXh0dXJlcy5taW5lY3JhZnQubmV0L3RleHR1cmUvZTRhOTg5ZmFiNTUzZjM3OTE5MjYzOGY3MjU4OTMxM2Q5MTNmYzBiMzVlMGNjZjdiYWQwNzFkODcyNjA3ZWUzMSJ9fX0=,Jack-o-Lantern (Yellow)
2025-12-26T16:25:32.195238,1 Diamond,1 Player Head,"3350,56,5090",T,Halloween,,eyJ0ZXh0dXJlcyI6eyJTS0lOIjp7InVybCI6Imh0dHA6Ly90ZXh0dXJlcy5taW5lY3JhZnQubmV0L3RleHR1cmUvMWI3NzE5OGI2YzcwMDM2ZmU0YWMzNTk2MWFlMDcxZGMzY2RkMDE3NmVhMzdmMDkxMzU4MmEwMTVlMGIzNzNjMCJ9fX0=,Jack-o-Lantern (Red)
2025-12-26T16:25:33.742000,1 Diamond,1 Player Head,"3351,56,5090",T,Halloween,,eyJ0ZXh0dXJlcyI6eyJTS0lOIjp7InVybCI6Imh0dHA6Ly90ZXh0dXJlcy5taW5lY3JhZnQubmV0L3RleHR1cmUvN2M4NjZlNDIzOTU1MTQyOGY5YzgxNGQ5ZGMxMWU3MDAyZTA0M2I4N2Y1OTBmMWZkY2I0ZmY2YmI0OTdiOGUxOCJ9fX0=,Jack-o-Lantern (Black)
2025-12-26T16:25:35.472334,1 Diamond,1 Player Head,"3352,56,5090",F,Halloween,,eyJ0ZXh0dXJlcyI6eyJTS0lOIjp7InVybCI6Imh0dHA6Ly90ZXh0dXJlcy5taW5lY3JhZnQubmV0L3RleHR1cmUvNjQzYTFjMTU1ZmRlZWNlNmVmNzA0ZWQ1NzJkODU0ZGJkNjIxYzRmMDc5OTkwYzViYWY5MzE5ZWMyZTA2ZTI2YiJ9fX0=,Jack-o-Lantern (Purple)
2025-12-26T16:25:37.947235,1 Diamond,1 Player Head,"3353,56,5090",T,Halloween,,eyJ0ZXh0dXJlcyI6eyJTS0lOIjp7InVybCI6Imh0dHA6Ly90ZXh0dXJlcy5taW5lY3JhZnQubmV0L3RleHR1cmUvOTQ5ZTA3N2ZmYWFlNWJiYjk1Mjk5MzAyZDY0ZDkzMjNkNDYyYzRkZjFmMjhjYTI0NjZlOTFmYWE4NmM0M2MxNSJ9fX0=,Jack-o-Lantern (Magenta)
2025-12-26T16:25:39.561904,1 Diamond,1 Player Head,"3354,56,5090",F,Halloween,,eyJ0ZXh0dXJlcyI6eyJTS0lOIjp7InVybCI6Imh0dHA6Ly90ZXh0dXJlcy5taW5lY3JhZnQubmV0L3RleHR1cmUvYTUyZjI4YWMyMmUwOWM1Yzc1NWJlNWVmOWI4N2NiZmI3ZjI4N2ZkZDg3Y2Y5Y2E1OGNlYTMyM2RiZmYyY2VjIn19fQ==,Jack-o-Lantern (Pink)
2025-12-26T16:25:58.360255,1 Diamond,1 Player Head,"3355,56,5090",T,Halloween,,eyJ0ZXh0dXJlcyI6eyJTS0lOIjp7InVybCI6Imh0dHA6Ly90ZXh0dXJlcy5taW5lY3JhZnQubmV0L3RleHR1cmUvNDA3YmFlM2ZjNWRiMjA3YTg4YjZjMTAyNjMyZjFlMjMwOTQ1ZjdjNGJmMDBhZWRiYmQzZDIxYWRjYzUzNmYzMiJ9fX0=,Skeleton King
2025-12-26T16:26:12.284103,1 Diamond,1 Player Head,"3356,56,5090",T,Halloween,,eyJ0ZXh0dXJlcyI6eyJTS0lOIjp7InVybCI6Imh0dHA6Ly90ZXh0dXJlcy5taW5lY3JhZnQubmV0L3RleHR1cmUvOTM3ZjhmOTVjMTI1NzU3Y2JmNzY3YTExZjUyYTRlNjY5MWNlMThhMjU5NzhjNjhjZmEzOTEwMzYwZmUifX19,Skeleton Miner
2025-12-26T16:26:26.961426,1 Diamond,1 Player Head,"3357,56,5090",T,Halloween,,eyJ0ZXh0dXJlcyI6eyJTS0lOIjp7InVybCI6Imh0dHA6Ly90ZXh0dXJlcy5taW5lY3JhZnQubmV0L3RleHR1cmUvNDkyZjA4YzEyOTQ4MjlkNDcxYThlMDEwOWEwNmZiNmFlNzE3ZTVmYWYzZTA4MDg0MDhhNjZkODg5MjI3ZGFjNyJ9fX0=,Skeleton Cup (Blood)
2025-12-26T16:26:29.677632,1 Diamond,1 Player Head,"3358,56,5090",F,Halloween,,eyJ0ZXh0dXJlcyI6eyJTS0lOIjp7InVybCI6Imh0dHA6Ly90ZXh0dXJlcy5taW5lY3JhZnQubmV0L3RleHR1cmUvYjg1YzFlZTYxZjJiZDQ0M2MwYTllNjE3ZjM3MjAzY2RmZjQ0MGJmYTJkMDBiNmRkMzZmZjgzNGNkODcwMmQ5In19fQ==,Spider Skeleton
2025-12-26T16:26:32.074065,1 Diamond,1 Player Head,"3359,56,5090",F,Halloween,,eyJ0ZXh0dXJlcyI6eyJTS0lOIjp7InVybCI6Imh0dHA6Ly90ZXh0dXJlcy5taW5lY3JhZnQubmV0L3RleHR1cmUvYzU3NTg5Mzc0YmQxZmM4OTcwYjE3ZDhmMTliZGM2ZjE3OTgzMWY5NWY5N2E4MTY1ZTYyNTIwNzk2ZjQ0ZDRlMyJ9fX0=,Unlit Skull Candle
2025-12-26T16:26:33.638660,1 Diamond,1 Player Head,"3360,56,5090",T,Halloween,,eyJ0ZXh0dXJlcyI6eyJTS0lOIjp7InVybCI6Imh0dHA6Ly90ZXh0dXJlcy5taW5lY3JhZnQubmV0L3RleHR1cmUvYzJiMjgxM2YzZGM5MzNhMGY3ZTNhYjg4NDgyYWRkZWM5ODk4ZWI1MmE4OTM1ODY2ZDUyYzU2OTRjNTZmZmFmOSJ9fX0=,Lit Skull Candle
2025-12-26T16:26:35.349988,1 Diamond,1 Player Head,"3361,56,5090",T,Halloween,,eyJ0ZXh0dXJlcyI6eyJTS0lOIjp7InVybCI6Imh0dHA6Ly90ZXh0dXJlcy5taW5lY3JhZnQubmV0L3RleHR1cmUvNDM5Mjc0ZjFmNWI2NjAyYmE5ODJjZWZiNmEzZGIwMWNhNDgyMTBhYWIzZDU2MzE3ODFhZGVlODgzMjEwOTFmMCJ9fX0=,Skull (Lightened)
2025-12-26T16:26:37.227841,1 Diamond,1 Player Head,"3362,56,5090",F,Halloween,,eyJ0ZXh0dXJlcyI6eyJTS0lOIjp7InVybCI6Imh0dHA6Ly90ZXh0dXJlcy5taW5lY3JhZnQubmV0L3RleHR1cmUvOTcwYzU2YWE2ZmI3MjNjMDI0NWVlNTg2YTU5NjYxMzlhYzgzZjljMjllYTBjYzljMWVhYzc2NTVkZDY4MWQ3OSJ9fX0=,Fiery Skull
2025-12-26T16:26:38.753427,1 Diamond,1 Player Head,"3363,56,5090",T,Halloween,,eyJ0ZXh0dXJlcyI6eyJTS0lOIjp7InVybCI6Imh0dHA6Ly90ZXh0dXJlcy5taW5lY3JhZnQubmV0L3RleHR1cmUvYTRhMzg3ZTkwMjIwNGNlNmU1MjZhMTA0Y2UwMzJmZDE5NTFlYzBhNWYzYmFmM2I4OWEzMTNlZmRiODNlYjczMSJ9fX0=,Skull (Pink Accent)
2025-12-26T16:26:40.276636,1 Diamond,1 Player Head,"3364,56,5090",T,Halloween,,eyJ0ZXh0dXJlcyI6eyJTS0lOIjp7InVybCI6Imh0dHA6Ly90ZXh0dXJlcy5taW5lY3JhZnQubmV0L3RleHR1cmUvYmFlNTVkMDA5ZTZiOGVhZTljNTgxOTUyMjNjZGNiODQxYjRjMGRmYmJiMDM4Njg0OGRjOGY2MGRlNGQyYzc5YiJ9fX0=,Skull (Purple Accent)
2025-12-26T16:26:41.720106,1 Diamond,1 Player Head,"3365,56,5090",T,Halloween,,eyJ0ZXh0dXJlcyI6eyJTS0lOIjp7InVybCI6Imh0dHA6Ly90ZXh0dXJlcy5taW5lY3JhZnQubmV0L3RleHR1cmUvY2JlNjRmZWJlMTFiNzhkZGMzMmQyMzIxYTAwZjc3MzYxODM3NzQwNGJmZGY5ZjdhZDIzYTA5MDgxMjQwNzUxMCJ9fX0=,Skull (White Accent)
2025-12-26T16:26:43.371113,1 Diamond,1 Player Head,"3366,56,5090",T,Halloween,,eyJ0ZXh0dXJlcyI6eyJTS0lOIjp7InVybCI6Imh0dHA6Ly90ZXh0dXJlcy5taW5lY3JhZnQubmV0L3RleHR1cmUvNTI4Y2NkZWNkNzc0M2MwMmRmN2E5MzRjNzNlYjI2YmE4MmQ3NTIxMzVmMzEzYTJjMmU1ZWIxYjM0Njc2MDJhNiJ9fX0=,Skull (Lime Accent)
2025-12-26T16:26:44.816876,1 Diamond,1 Player Head,"3367,56,5090",T,Halloween,,eyJ0ZXh0dXJlcyI6eyJTS0lOIjp7InVybCI6Imh0dHA6Ly90ZXh0dXJlcy5taW5lY3JhZnQubmV0L3RleHR1cmUvYmExZDgzNTg3NTg2ODIyZTIyMDRiYWI2M2ZiNmQ5YmMxYzY5YzA0ZGUyNDFjMmIwOTNhMmVmMTUxNTMwMzdkMSJ9fX0=,Skull (Red Accent)
2025-12-26T16:26:46.496836,1 Diamond,1 Player Head,"3368,56,5090",T,Halloween,,eyJ0ZXh0dXJlcyI6eyJTS0lOIjp7InVybCI6Imh0dHA6Ly90ZXh0dXJlcy5taW5lY3JhZnQubmV0L3RleHR1cmUvMzQwZGNkMjM2ODBkNDNmZmM2MGIwYmUwYzIyZTIxOTM3MmJlMzgxMzI1MTkzOGIyYmU2ZmI2MjQwNWYzNTE1OSJ9fX0=,Skull (Yellow Accent)
2025-12-26T16:26:48.258508,3 Iron Ingot,1 Player Head,"3369,56,5090",T,Halloween,,eyJ0ZXh0dXJlcyI6eyJTS0lOIjp7InVybCI6Imh0dHA6Ly90ZXh0dXJlcy5taW5lY3JhZnQubmV0L3RleHR1cmUvMWFlMzg1NWY5NTJjZDRhMDNjMTQ4YTk0NmUzZjgxMmE1OTU1YWQzNWNiY2I1MjYyN2VhNGFjZDQ3ZDMwODEifX19,Skull
2025-12-26T16:26:50.280913,1 Diamond,1 Player Head,"3370,56,5090",T,Halloween,,eyJ0ZXh0dXJlcyI6eyJTS0lOIjp7InVybCI6Imh0dHA6Ly90ZXh0dXJlcy5taW5lY3JhZnQubmV0L3RleHR1cmUvMjRhY2E4OWVlYmE1NGVkOTg1OGE5N2I5OTU4NWEzZDNiODNjNGZjMzU0MTA4OTQ4ZTFkYTE1YzdlNDc0MTBhIn19fQ==,Facegrabber
2025-12-26T16:26:51.917189,1 Diamond,1 Player Head,"3371,56,5090",T,Halloween,,eyJ0ZXh0dXJlcyI6eyJTS0lOIjp7InVybCI6Imh0dHA6Ly90ZXh0dXJlcy5taW5lY3JhZnQubmV0L3RleHR1cmUvNDMzMjA5NjRjOTZjMzFjYWNhMWQ3Y2Y2NGU3ZDJiZWM0YThiMTJhNWU4NDBmYjIxYjZhNGMwNTY2M2E0NzMxOSJ9fX0=,Worm
2025-12-26T16:26:53.480620,1 Diamond,1 Player Head,"3372,56,5090",T,Halloween,,eyJ0ZXh0dXJlcyI6eyJTS0lOIjp7InVybCI6Imh0dHA6Ly90ZXh0dXJlcy5taW5lY3JhZnQubmV0L3RleHR1cmUvZGQzMTE3M2U3YjdjNzhlNWU0OGRjZmY2NmQ1Nzk4MGFlY2EzODI0Y2Q4NTg0YWFjNDZkNzdjMjYwYzM4YmI0YyJ9fX0=,Trick or Treat Basket (Pumpkin Creeper)
2025-12-26T16:26:54.833374,1 Diamond,1 Player Head,"3373,56,5090",F,Halloween,,eyJ0ZXh0dXJlcyI6eyJTS0lOIjp7InVybCI6Imh0dHA6Ly90ZXh0dXJlcy5taW5lY3JhZnQubmV0L3RleHR1cmUvYTM1ZDA5OTg0YWE2OGZkYTgwYWRjNmRjNDA2NmFkYTMzZDEwOTIzMGUzMzhmZjNhNjBhMDM2MDQ4MDM5OTI2OSJ9fX0=,Trick or Treat Basket (Groundhog)
2025-12-26T16:26:56.335220,1 Diamond,1 Player Head,"3374,56,5090",F,Halloween,,eyJ0ZXh0dXJlcyI6eyJTS0lOIjp7InVybCI6Imh0dHA6Ly90ZXh0dXJlcy5taW5lY3JhZnQubmV0L3RleHR1cmUvNWQ2ZjY5Nzc2ODc1OTgwYzYxMjliNGRiZWRhMmFiMmJmMGE4ZDAwZGFmZDEyMjdmZjkxOGMzOTA2OGI1NzdlMyJ9fX0=,Trick or Treat Basket (Chicken)
2025-12-26T16:26:58.158564,1 Diamond,1 Player Head,"3375,56,5090",F,Halloween,,eyJ0ZXh0dXJlcyI6eyJTS0lOIjp7InVybCI6Imh0dHA6Ly90ZXh0dXJlcy5taW5lY3JhZnQubmV0L3RleHR1cmUvYWFkYzllYjU1Mzk1ZWFhM2MyOTBmNThhNTQxODZjMDUzZDAxZTdkMGFjNzA5MDk5NTNhOTJiMWZhYmI4NTVjNCJ9fX0=,Trick or Treat Basket (Pig)
2025-12-26T16:26:59.546746,1 Diamond,1 Player Head,"3376,56,5090",F,Halloween,,eyJ0ZXh0dXJlcyI6eyJTS0lOIjp7InVybCI6Imh0dHA6Ly90ZXh0dXJlcy5taW5lY3JhZnQubmV0L3RleHR1cmUvYzY4YTQzNzJkMDBlNDhiNDFhZTc4NThhMmEwYzY3MzllMzc2ZTdhZDk0N2VkNWI5NDU3ZDJlMGU5NWU4N2ZlOSJ9fX0=,Trick or Treat Basket (Axolotl)
2025-12-26T16:27:00.913285,1 Diamond,1 Player Head,"3377,56,5090",T,Halloween,,eyJ0ZXh0dXJlcyI6eyJTS0lOIjp7InVybCI6Imh0dHA6Ly90ZXh0dXJlcy5taW5lY3JhZnQubmV0L3RleHR1cmUvNzgxMzRmNmQ3OTdmNWY3Nzk1NmFiYWY5MmJjMzljYzgyMmUwNGQyMzE5M2MxMDFlNmViNjg5ZmRlZmM1ZTFjIn19fQ==,Trick or Treat Basket (Bee)
2025-12-26T16:27:02.256717,1 Diamond,1 Player Head,"3378,56,5090",T,Halloween,,eyJ0ZXh0dXJlcyI6eyJTS0lOIjp7InVybCI6Imh0dHA6Ly90ZXh0dXJlcy5taW5lY3JhZnQubmV0L3RleHR1cmUvNjIwNGI0MTM2MjAzNDM3YzU1MTllNTZkODU0MzI2NTdjZDRlY2JkYTc3MTBiMjcwNDQwYjBmM2JiMjFlMDc0ZiJ9fX0=,Trick or Treat Basket (Black Cat)
2025-12-26T16:27:04.040195,1 Diamond,1 Player Head,"3379,56,5090",T,Halloween,,eyJ0ZXh0dXJlcyI6eyJTS0lOIjp7InVybCI6Imh0dHA6Ly90ZXh0dXJlcy5taW5lY3JhZnQubmV0L3RleHR1cmUvZDFmYjg5M2IwNjY2MmVkYWZiNzkxOWJjNDUxZjY3YmQyNmMyN2MxNzNiOWM2YTk3YzljMTU2NmZkMzFhYTA2In19fQ==,Trick or Treat Basket (Orange Cat)
2025-12-26T16:27:05.371507,1 Diamond,1 Player Head,"3380,56,5090",T,Halloween,,eyJ0ZXh0dXJlcyI6eyJTS0lOIjp7InVybCI6Imh0dHA6Ly90ZXh0dXJlcy5taW5lY3JhZnQubmV0L3RleHR1cmUvNjZmZTBmOTM1ZTJhZGRjOGVmZTAwNzMxNGY0NWFlODYzYmVlM2I2OWRlNzkyODlhN2Y4ZTRhMzI4ZTZhZDgwMiJ9fX0=,Trick or Treat Basket (Steve)
2025-12-26T16:27:06.699894,1 Diamond,1 Player Head,"3381,56,5090",F,Halloween,,eyJ0ZXh0dXJlcyI6eyJTS0lOIjp7InVybCI6Imh0dHA6Ly90ZXh0dXJlcy5taW5lY3JhZnQubmV0L3RleHR1cmUvMWM1NTI2M2EyM2Y4YWY4MjQzMjYzMGM2MTlkOTM5OTZkZWRiMTk0NDhjMWM3ZTIwN2E4NTkzZmMyYjU2NWYzIn19fQ==,Trick or Treat Basket (Creeper)
2025-12-26T16:27:08.009199,1 Diamond,1 Player Head,"3382,56,5090",T,Halloween,,eyJ0ZXh0dXJlcyI6eyJTS0lOIjp7InVybCI6Imh0dHA6Ly90ZXh0dXJlcy5taW5lY3JhZnQubmV0L3RleHR1cmUvMmM0MmI5NWVlMWE3OGIwOGI4ZjllN2FjZmVkZjMzYWQ2ZTRlY2QwODE5MTI1MThiYTk5ZjA0MWE3ZWYyMWYxYiJ9fX0=,Trick or Treat Basket (Green Pumpkin Creeper)
2025-12-26T16:27:09.384192,1 Diamond,1 Player Head,"3383,56,5090",T,Halloween,,eyJ0ZXh0dXJlcyI6eyJTS0lOIjp7InVybCI6Imh0dHA6Ly90ZXh0dXJlcy5taW5lY3JhZnQubmV0L3RleHR1cmUvZjJmMjJlZTQyZWI1MzI1NTkzYzQ4ZWJkZWE0ZjY4ZTY5MjFkNDUxOTJhMWJkMWM5NjIwM2NmZGMwODc0YzUwZiJ9fX0=,Trick or Treat Basket (Squid)
2025-12-26T16:27:13.197766,1 Diamond,1 Player Head,"3383,59,5090",T,Halloween,,eyJ0ZXh0dXJlcyI6eyJTS0lOIjp7InVybCI6Imh0dHA6Ly90ZXh0dXJlcy5taW5lY3JhZnQubmV0L3RleHR1cmUvZTc4NWQ1MmIyMzlkYmVhNWI2MTk1YmFkMmI2MmM3YzE3MTE0N2MyODM1YjI5NDk0MWIyODY4YWUzNzM1Mjc5NiJ9fX0=,Eye (White/Blue)
2025-12-26T16:27:14.675765,1 Diamond,1 Player Head,"3382,59,5090",T,Halloween,,eyJ0ZXh0dXJlcyI6eyJTS0lOIjp7InVybCI6Imh0dHA6Ly90ZXh0dXJlcy5taW5lY3JhZnQubmV0L3RleHR1cmUvNzk5MDJjODdmNjVlNDViNzFjNThhN2FlYjRmZmRiM2IzNDY5NDQ5Nzk0NDcwNTlkNTk5ZGQ4OTdkYzA0Nzk3MyJ9fX0=,Eye (Mystic)
2025-12-26T16:27:16.204221,1 Diamond,1 Player Head,"3381,59,5090",T,Halloween,,eyJ0ZXh0dXJlcyI6eyJTS0lOIjp7InVybCI6Imh0dHA6Ly90ZXh0dXJlcy5taW5lY3JhZnQubmV0L3RleHR1cmUvNzE0MDhlZGU4YjRmNDQ0MDE1YzU5YWJkNWNkMzJiODc2OWRlNTE4ODFlZGFiY2MxNWFiYjY1MTlmNWI0OSJ9fX0=,Eye (Green)
2025-12-26T16:27:17.678443,1 Diamond,1 Player Head,"3380,59,5090",T,Halloween,,eyJ0ZXh0dXJlcyI6eyJTS0lOIjp7InVybCI6Imh0dHA6Ly90ZXh0dXJlcy5taW5lY3JhZnQubmV0L3RleHR1cmUvODk3NWU1MWJmZTQ4Zjg3NmU3NzQ4OTM1ZDY5MjIzNGRiZmY1ZGY3Mzk4ZDc2OThhZGNlMzQ2Nzg4ZjNjZTdkOCJ9fX0=,Eye (Bloody)
2025-12-26T16:27:19.052838,1 Diamond,1 Player Head,"3379,59,5090",T,Halloween,,eyJ0ZXh0dXJlcyI6eyJTS0lOIjp7InVybCI6Imh0dHA6Ly90ZXh0dXJlcy5taW5lY3JhZnQubmV0L3RleHR1cmUvYzVhYmVkYzc1ZDRkODdjN2U4ZjIxMTRlZmJkYTk1NmU5ODNhYjllZTMyZWZjMmExY2I3YTJlZDJkY2YyNyJ9fX0=,Eye (Orange)
2025-12-26T16:27:20.633257,3 Iron Ingot,1 Player Head,"3378,59,5090",T,Halloween,,eyJ0ZXh0dXJlcyI6eyJTS0lOIjp7InVybCI6Imh0dHA6Ly90ZXh0dXJlcy5taW5lY3JhZnQubmV0L3RleHR1cmUvNDU1NTYwODNjOWNkZTE5ZjU0YmY3OGE0MjFjYjk3MzFmNjBmMWQzZGUzY2Y1ODRmNTRiMmQ0MzY3N2RmMmE3In19fQ==,Eye
2025-12-26T16:27:22.027591,1 Diamond,1 Player Head,"3377,59,5090",F,Halloween,,eyJ0ZXh0dXJlcyI6eyJTS0lOIjp7InVybCI6Imh0dHA6Ly90ZXh0dXJlcy5taW5lY3JhZnQubmV0L3RleHR1cmUvOTM3ODFlYzg5NGQwNzkzZjEyZmUwN2VlYWFlZTZmYjY5YWYxMTJmNGQxM2UzN2RhN2VmNDY5ZjRiYjA2ZWQ5YSJ9fX0=,Eye (Black/Red)
2025-12-26T16:27:23.706104,1 Diamond,1 Player Head,"3376,59,5090",T,Halloween,,eyJ0ZXh0dXJlcyI6eyJTS0lOIjp7InVybCI6Imh0dHA6Ly90ZXh0dXJlcy5taW5lY3JhZnQubmV0L3RleHR1cmUvZGJhOGE4MDBhMGY5Y2Y3ZWJhNjQyM2E5MjVmOTZmMjYxYzQ0ODMyMWJlMzNkYTNmNzhiZjRmNTc4MGNiZGVhMCJ9fX0=,Eye (Detached)
2025-12-26T16:27:25.853875,1 Diamond,1 Player Head,"3375,59,5090",T,Halloween,,eyJ0ZXh0dXJlcyI6eyJTS0lOIjp7InVybCI6Imh0dHA6Ly90ZXh0dXJlcy5taW5lY3JhZnQubmV0L3RleHR1cmUvNjg1ZjllNDA4NDEzNjAyNjVhOGNlMzdlOWFjN2FjNWNmNDlhMWYxMjU3ODZiMDkxZWI2NWRmZTBmMTlkMzU3MyJ9fX0=,Eye (Yellow)
2025-12-26T16:27:27.746787,1 Diamond,1 Player Head,"3374,59,5090",F,Halloween,,eyJ0ZXh0dXJlcyI6eyJTS0lOIjp7InVybCI6Imh0dHA6Ly90ZXh0dXJlcy5taW5lY3JhZnQubmV0L3RleHR1cmUvNDhkNWZiYTdiYzhiZGRlODk0NzUwMTczZWEzMTc5NDRiOWEzOWI3YzhkNTQyYjYxNDI1MjBiZDUyNjIxIn19fQ==,Eye (Cyan)
2025-12-26T16:27:29.431586,1 Diamond,1 Player Head,"3373,59,5090",F,Halloween,,eyJ0ZXh0dXJlcyI6eyJTS0lOIjp7InVybCI6Imh0dHA6Ly90ZXh0dXJlcy5taW5lY3JhZnQubmV0L3RleHR1cmUvNjBlMmIyZTY5N2YzYzFiN2EyNDY0ZWUyMWNiNGJmNGQ1MWQ2OGZjZTFiMzkwNzNhZmEyZmEwNDNmN2Y4OSJ9fX0=,Eye (White)
2025-12-26T16:27:30.701413,1 Diamond,1 Player Head,"3372,59,5090",F,Halloween,,eyJ0ZXh0dXJlcyI6eyJTS0lOIjp7InVybCI6Imh0dHA6Ly90ZXh0dXJlcy5taW5lY3JhZnQubmV0L3RleHR1cmUvMTZkYTdmZGUxNjUyNzkzOTUzNjIzYzYzZGEzNjk2MTZhNTNiZDliMGQ1ZDg0ZDIyMzhhODRhOGM4MDYyMCJ9fX0=,Eye (Purple)
2025-12-26T16:27:32.871908,1 Diamond,1 Player Head,"3371,59,5090",F,Halloween,,eyJ0ZXh0dXJlcyI6eyJTS0lOIjp7InVybCI6Imh0dHA6Ly90ZXh0dXJlcy5taW5lY3JhZnQubmV0L3RleHR1cmUvMmQyN2YxMzBjMWFjZGQ3ODRjZWVlMmI3NWZiMTgxZmE1MmZmM2E3NTAyNDU3NGViNGFmN2ZhZjFhZTc1YmMifX19,Eye (Sauron)
2025-12-26T16:27:34.054986,1 Diamond,1 Player Head,"3370,59,5090",T,Halloween,,eyJ0ZXh0dXJlcyI6eyJTS0lOIjp7InVybCI6Imh0dHA6Ly90ZXh0dXJlcy5taW5lY3JhZnQubmV0L3RleHR1cmUvOTNjYjhmYjc4ZjU0NTMyODBiYWE4ZWEwYmNjOGQ5NDlhZTQzMDhiMmVkNTA2NGYxNzBlY2ExNzVjMGVhNGRmOCJ9fX0=,Eye Monster (Red)
2025-12-26T16:27:35.533230,1 Diamond,1 Player Head,"3369,59,5090",T,Halloween,,eyJ0ZXh0dXJlcyI6eyJTS0lOIjp7InVybCI6Imh0dHA6Ly90ZXh0dXJlcy5taW5lY3JhZnQubmV0L3RleHR1cmUvMWI0ODU5ZGIyOGYwYjdmYjllYWMwZDUzOGJjNGY1NTUzMDU0NmJlNGFlZTFjMDhlYTdlYzMzYzQ1ZTIyMjM3MyJ9fX0=,Eye Monster (Blue)
2025-12-26T16:27:36.921290,1 Diamond,1 Player Head,"3368,59,5090",T,Halloween,,eyJ0ZXh0dXJlcyI6eyJTS0lOIjp7InVybCI6Imh0dHA6Ly90ZXh0dXJlcy5taW5lY3JhZnQubmV0L3RleHR1cmUvZjc4ODNlYTQ4MDlhZjc0NWM5N2NhNzdlNzA0NDg1NDk4OTA1MTk4ZDZhZTI4MTM4YWRiZDRjNWQ0YjgxYjk0NCJ9fX0=,Golden Skull
2025-12-26T16:27:38.475343,1 Diamond,1 Player Head,"3367,59,5090",T,Halloween,,eyJ0ZXh0dXJlcyI6eyJTS0lOIjp7InVybCI6Imh0dHA6Ly90ZXh0dXJlcy5taW5lY3JhZnQubmV0L3RleHR1cmUvZDVkZDUyNTA1MDVhYWUyMmVmZGVlYmU5NDdhMzUwZWI3N2JjODFhZjQ2MDFlYTViYTg5YjZlNGQ1MDBlYjUwIn19fQ==,Diamond Skull
2025-12-26T16:27:39.784373,1 Diamond,1 Player Head,"3366,59,5090",T,Halloween,,eyJ0ZXh0dXJlcyI6eyJTS0lOIjp7InVybCI6Imh0dHA6Ly90ZXh0dXJlcy5taW5lY3JhZnQubmV0L3RleHR1cmUvZDJiMWIzZGI5ZTE0ZGM0YTc1NmNjZThhZGZkZDA2YThlYzVmMGM2MTk1NzRhN2I4YzEyMzMyYjVhOTFjYzg5NSJ9fX0=,Icy Skull
2025-12-26T16:27:41.028753,1 Diamond,1 Player Head,"3365,59,5090",F,Halloween,,eyJ0ZXh0dXJlcyI6eyJTS0lOIjp7InVybCI6Imh0dHA6Ly90ZXh0dXJlcy5taW5lY3JhZnQubmV0L3RleHR1cmUvMWIyMzY2NTg3ZmRlYmFmN2M3ZmI2YTkyNzM4ZmRlMDkzNTkzMmMyNWI4MWQyMGFlNDNhOTUxMDgwMzBiODY4NCJ9fX0=,Red Apple Skull
2025-12-26T16:27:42.471305,1 Diamond,1 Player Head,"3364,59,5090",T,Halloween,,eyJ0ZXh0dXJlcyI6eyJTS0lOIjp7InVybCI6Imh0dHA6Ly90ZXh0dXJlcy5taW5lY3JhZnQubmV0L3RleHR1cmUvMWE4MzYwZmNkOWZiODYyZGRlZmJiODI2ZDVkY2JiMDIwOTZjNWZjODMzZWQ3OTg2ZTY3Y2ZkYWM2NDBiZmRhOSJ9fX0=,Charred Skull
2025-12-26T16:27:43.906337,1 Diamond,1 Player Head,"3363,59,5090",F,Halloween,,eyJ0ZXh0dXJlcyI6eyJTS0lOIjp7InVybCI6Imh0dHA6Ly90ZXh0dXJlcy5taW5lY3JhZnQubmV0L3RleHR1cmUvNGU4YzJmYWM2YTkyZDZhNTdjOWI2MGU3NTc3NmVkZGU1N2UzMTYwZjJkMTAxYjMyNzk3MTk4YmJjMTljZGU5NCJ9fX0=,Green Apple Skull
2025-12-26T16:27:45.403207,3 Iron Ingot,1 Player Head,"3362,59,5090",T,Halloween,,eyJ0ZXh0dXJlcyI6eyJTS0lOIjp7InVybCI6Imh0dHA6Ly90ZXh0dXJlcy5taW5lY3JhZnQubmV0L3RleHR1cmUvNzVkNWNhZTdlZDJmOTVjMGI3Y2ExMWYwMTQwNjQ5MDEzMjAwN2RhY2IzZDhiZTBkOWUxNjIwMTg3NDViMDFkMiJ9fX0=,Blood Stricken Skull
2025-12-26T16:27:46.809041,1 Diamond,1 Player Head,"3361,59,5090",T,Halloween,,eyJ0ZXh0dXJlcyI6eyJTS0lOIjp7InVybCI6Imh0dHA6Ly90ZXh0dXJlcy5taW5lY3JhZnQubmV0L3RleHR1cmUvNGM1MjY5MjA2YTcwMDM5ZWJhNGZhMjE4MmVhYzI0YjRiNGU4NWZhMjNlN2JmZjIyMWE2ZjcxY2ZjYTE0NzZiMyJ9fX0=,Decayed Skull
2025-12-26T16:27:48.160402,1 Diamond,1 Player Head,"3360,59,5090",T,Halloween,,eyJ0ZXh0dXJlcyI6eyJTS0lOIjp7InVybCI6Imh0dHA6Ly90ZXh0dXJlcy5taW5lY3JhZnQubmV0L3RleHR1cmUvNTZjMGE1OTMyOTI5ZTU2YTM4NmQ2ZDQ5NzA4ZTllMTFjMzVjMmU5NjMzMjIyMjMyMWU3OTY2MjU4ZTk2MmYzNSJ9fX0=,Skeleton King
2025-12-26T16:27:49.554612,1 Diamond,1 Player Head,"3359,59,5090",T,Halloween,,eyJ0ZXh0dXJlcyI6eyJTS0lOIjp7InVybCI6Imh0dHA6Ly90ZXh0dXJlcy5taW5lY3JhZnQubmV0L3RleHR1cmUvYjY4YWNiYzkyMzJhYjdhNDg0MjM4ZjBlNmY5YmU1OWU0MmViNzU2ODNmZjYxYzJmM2Y0NjQ5MGFkMTkxYSJ9fX0=,Skeletor
2025-12-26T16:27:50.934385,1 Diamond,1 Player Head,"3358,59,5090",T,Halloween,,eyJ0ZXh0dXJlcyI6eyJTS0lOIjp7InVybCI6Imh0dHA6Ly90ZXh0dXJlcy5taW5lY3JhZnQubmV0L3RleHR1cmUvMmUyODNmYmJhMzFmY2Q5YTMyZGZlMTkxZTk5ZjllMjFmOWZiZjVlNTI0ZTBlZTE0ZjI3ZWYxMzgxNmVjYjZhNiJ9fX0=,Witch Skull
2025-12-26T16:27:52.253618,1 Diamond,1 Player Head,"3357,59,5090",T,Halloween,,eyJ0ZXh0dXJlcyI6eyJTS0lOIjp7InVybCI6Imh0dHA6Ly90ZXh0dXJlcy5taW5lY3JhZnQubmV0L3RleHR1cmUvZmVjZmQyNmNmYzA4YjcwZTRlYTBiMzBhNDI1MjgwYjhiOTY1MTA3ZGZlOWZlYjFhNzM2Y2Q4YjQ4MzQ5NzcxYyJ9fX0=,Zombie Pigman Skull
2025-12-26T16:27:53.504296,1 Diamond,1 Player Head,"3356,59,5090",T,Halloween,,eyJ0ZXh0dXJlcyI6eyJTS0lOIjp7InVybCI6Imh0dHA6Ly90ZXh0dXJlcy5taW5lY3JhZnQubmV0L3RleHR1cmUvZmUxYzQ1NzVhMTRlZGRlYjQxZDFjMGNmNzZhOGM2OWZmZGUwYzc5NGIxZTc0YzUyN2M5NmE1ZTM2Y2M3NWE5YiJ9fX0=,Villager Skull
2025-12-26T16:27:54.677721,1 Diamond,1 Player Head,"3355,59,5090",T,Halloween,,eyJ0ZXh0dXJlcyI6eyJTS0lOIjp7InVybCI6Imh0dHA6Ly90ZXh0dXJlcy5taW5lY3JhZnQubmV0L3RleHR1cmUvZWUzMTNlNWFiY2I5YzhmZmNmNDE1MDE2YWFmODcyOGJmZDQyMTgxNjRiZGI3MjQ3ODgzYzUyNmFhOTI0ZGE4OSJ9fX0=,Vindicator Skull
2025-12-26T16:27:55.900305,1 Diamond,1 Player Head,"3354,59,5090",T,Halloween,,eyJ0ZXh0dXJlcyI6eyJTS0lOIjp7InVybCI6Imh0dHA6Ly90ZXh0dXJlcy5taW5lY3JhZnQubmV0L3RleHR1cmUvYTg3ZTBkNWM2ODJkMTk3YjQ5OWZmYzg3ODA3MTVkYWVlMTk2YjkxMjg0YTRmMzQ5OGRlZTc2M2NhMWRhNDdjMCJ9fX0=,Bloody Pumpkin
2025-12-26T16:27:57.973977,1 Diamond,1 Player Head,"3353,59,5090",T,Halloween,,eyJ0ZXh0dXJlcyI6eyJTS0lOIjp7InVybCI6Imh0dHA6Ly90ZXh0dXJlcy5taW5lY3JhZnQubmV0L3RleHR1cmUvZWVlYTVmZjgzN2QxYWNmYmY1YmFjNjIzOWNmM2NjOTI2N2Q3YzVmNzI3MjgxZDk1NmRkMmU4NGEzZTFjOGM4NiJ9fX0=,Bloody Melon
2025-12-26T16:27:59.296088,1 Diamond,1 Player Head,"3352,59,5090",T,Halloween,,eyJ0ZXh0dXJlcyI6eyJTS0lOIjp7InVybCI6Imh0dHA6Ly90ZXh0dXJlcy5taW5lY3JhZnQubmV0L3RleHR1cmUvMzc2NTNjZjQ2MjIyYjBkOGUxMTQ1ZWRjNmY5YTY3NjE2ZDllMWQ5YmM5MDA1NDhmMTkxMDI2ZjdkZTFmYzkifX19,Jack-o-Lantern (Orange/Yellow)
2025-12-26T16:28:03.905279,1 Diamond,1 Player Head,"3351,59,5090",F,Halloween,,eyJ0ZXh0dXJlcyI6eyJTS0lOIjp7InVybCI6Imh0dHA6Ly90ZXh0dXJlcy5taW5lY3JhZnQubmV0L3RleHR1cmUvMzVkYTNhMWRjNGYyMzU5YzliMWU0M2Q5MjUzMTk2ZTZhYjVhMmQyNDg0N2EwMzg1N2NkN2I4M2Y2ODU0YWU1ZCJ9fX0=,Jack-o-Lantern (White)
2025-12-26T16:28:05.271599,1 Diamond,1 Player Head,"3350,59,5090",F,Halloween,,eyJ0ZXh0dXJlcyI6eyJTS0lOIjp7InVybCI6Imh0dHA6Ly90ZXh0dXJlcy5taW5lY3JhZnQubmV0L3RleHR1cmUvMjI3MDQyOTM0YjJhNGIwNDZmODdlZDA5MDVmZDA5MmE4OTNhZmZjNWRiZWUwOTU1NjQzNjliY2M2YmVhYWJiIn19fQ==,Jack-o-Lantern (Brown)
2025-12-26T16:28:06.581488,1 Diamond,1 Player Head,"3349,59,5090",T,Halloween,,eyJ0ZXh0dXJlcyI6eyJTS0lOIjp7InVybCI6Imh0dHA6Ly90ZXh0dXJlcy5taW5lY3JhZnQubmV0L3RleHR1cmUvYjhjZTRkMjY4OTU2YmY0NzA4NjNiMGM4NTk1ZGM1ZjA2OTRkNjA0YmNiYzg1OWU2ZTY2MThmYTMwMTJkMGUwYyJ9fX0=,Jack-o-Lantern (Light Blue)
2025-12-26T16:28:07.824758,1 Diamond,1 Player Head,"3348,59,5090",T,Halloween,,eyJ0ZXh0dXJlcyI6eyJTS0lOIjp7InVybCI6Imh0dHA6Ly90ZXh0dXJlcy5taW5lY3JhZnQubmV0L3RleHR1cmUvZTIzYjBjN2YyMTNmZDUxZGQ4ODhlYTJjZmNjZGQ3YTI4YjI0N2E5ZDQ4ZmM1NDk3YjkzNDNmYmNhZGE3NjMyMyJ9fX0=,Jack-o-Lantern (Cyan)
2025-12-26T16:28:09.969790,1 Diamond,1 Player Head,"3344,59,5090",F,Halloween,,eyJ0ZXh0dXJlcyI6eyJTS0lOIjp7InVybCI6Imh0dHA6Ly90ZXh0dXJlcy5taW5lY3JhZnQubmV0L3RleHR1cmUvZThhNDhiZDhiZDVmYjNmNjhlOGJhMTI0YjBiOWU0M2MzMDdiNThkYWYwMWIyMDA1NGViOGQ1Mzk3NzU4OGExYiJ9fX0=,Decapitated Zombie Pigman
2025-12-26T16:28:11.348185,1 Diamond,1 Player Head,"3343,59,5090",T,Halloween,,eyJ0ZXh0dXJlcyI6eyJTS0lOIjp7InVybCI6Imh0dHA6Ly90ZXh0dXJlcy5taW5lY3JhZnQubmV0L3RleHR1cmUvNTkxMDkwMTgzODE2YWJjZjAwMTM2ZmJiZGIxYTg2MWZlZGJmNzI1ZDI3OWQ2NDYxOTc5ZTlhMDcwYzc2NGJkOSJ9fX0=,Decapitated Alex
2025-12-26T16:28:12.564238,1 Diamond,1 Player Head,"3342,59,5090",F,Halloween,,eyJ0ZXh0dXJlcyI6eyJTS0lOIjp7InVybCI6Imh0dHA6Ly90ZXh0dXJlcy5taW5lY3JhZnQubmV0L3RleHR1cmUvZjIyNDk5ZTIyMDhiNjYwNzEzNzc0MWFkMmNjMDk4OWEwYTZiMTQyZDIwMmUwY2E4M2YwYzI5MTZlNTI3MjRhMyJ9fX0=,Decapitated Steve
2025-12-26T16:28:14.491902,1 Diamond,1 Player Head,"3341,59,5090",F,Halloween,,eyJ0ZXh0dXJlcyI6eyJTS0lOIjp7InVybCI6Imh0dHA6Ly90ZXh0dXJlcy5taW5lY3JhZnQubmV0L3RleHR1cmUvN2M1MjM4ODUyNDZkYjY4MmNmN2MxMzk2OTBjYThjOWU2NjMxOWVkYzg2NDhlNDQ0ZGM3MzU3MzA2MDc0YTI3NCJ9fX0=,Decapitated Villager
2025-12-26T16:28:15.875418,1 Diamond,1 Player Head,"3340,59,5090",F,Halloween,,eyJ0ZXh0dXJlcyI6eyJTS0lOIjp7InVybCI6Imh0dHA6Ly90ZXh0dXJlcy5taW5lY3JhZnQubmV0L3RleHR1cmUvNmM3ZTExNDNiZDBmYWM0M2NlYjk5OTQzYWJiYzhlN2RmMGRiMzU2MTNjYTY3YmJlNjA5MDBmY2Y1YWNlODRhYSJ9fX0=,Decapitated Witch
2025-12-26T16:28:17.414250,1 Diamond,1 Player Head,"3339,59,5090",F,Halloween,,eyJ0ZXh0dXJlcyI6eyJTS0lOIjp7InVybCI6Imh0dHA6Ly90ZXh0dXJlcy5taW5lY3JhZnQubmV0L3RleHR1cmUvYjJhMWZkMmQ3Y2ZiZGQyYThkOWIzZjgxZjczMTI3MDViODlhNDRkMzhiODQxMDExYTdlNzllYTZiOWJjODU4NCJ9fX0=,Decapitated Zombie
2025-12-26T16:28:18.679030,1 Diamond,1 Player Head,"3338,59,5090",F,Halloween,,eyJ0ZXh0dXJlcyI6eyJTS0lOIjp7InVybCI6Imh0dHA6Ly90ZXh0dXJlcy5taW5lY3JhZnQubmV0L3RleHR1cmUvYjk2YTAwMmZkNmRhMGNiNDI3YWUzNWNiZGZhMjg2Y2NmNTIwMTFiYWE3Y2FlZGRhOTRkNjRjZGExOThiNWFhYyJ9fX0=,Decapitated Enderman
2025-12-26T16:28:19.978706,1 Diamond,1 Player Head,"3337,59,5090",T,Halloween,,eyJ0ZXh0dXJlcyI6eyJTS0lOIjp7InVybCI6Imh0dHA6Ly90ZXh0dXJlcy5taW5lY3JhZnQubmV0L3RleHR1cmUvOTJmMzExZmQzZjkyOGM2MDg3Zjk5Y2JkNzNiNzlmYmZhOWFmZGVjNGE3NWRiN2NmNjA0NmQ2NGI0OTI2M2EyMiJ9fX0=,Decapitated Cave Spider
2025-12-26T16:28:21.362859,1 Diamond,1 Player Head,"3336,59,5090",T,Halloween,,eyJ0ZXh0dXJlcyI6eyJTS0lOIjp7InVybCI6Imh0dHA6Ly90ZXh0dXJlcy5taW5lY3JhZnQubmV0L3RleHR1cmUvYTdjNzkxY2IwNzk3ZGRkMTAzOTUyYjU0OGQzZDU2MGE3NzJiNGU5NDZjYzA5NjQzODU3Y2ViZGFhOWQxYmNjNCJ9fX0=,Decapitated Spider
2025-12-26T16:28:23.082966,1 Diamond,1 Player Head,"3335,59,5090",T,Halloween,,eyJ0ZXh0dXJlcyI6eyJTS0lOIjp7InVybCI6Imh0dHA6Ly90ZXh0dXJlcy5taW5lY3JhZnQubmV0L3RleHR1cmUvNjMwYjMyYWYxYTBiMjYyYmIxOWQ4YWUwMTAxYTFiNTYyMTk4N2ExM2ViMmEwOTM3Njc4YzhlZTg0ZTRkMGRlNCJ9fX0=,Decapitated Creeper
2025-12-26T16:28:32.488161,1 Diamond,1 Player Head,"3385,56,5088",T,Halloween,,eyJ0ZXh0dXJlcyI6eyJTS0lOIjp7InVybCI6Imh0dHA6Ly90ZXh0dXJlcy5taW5lY3JhZnQubmV0L3RleHR1cmUvYjgwMzJjYWIyOTE4YjRiZGE4Njc3ZjRkY2YzZmFmZjViZmIxNGYxYjM2OWQ1NGFmNmVlZDVkODBiNmFlODg3MyJ9fX0=,Copper Chest (Open)
2025-12-26T16:28:34.073579,1 Diamond,1 Player Head,"3385,56,5087",T,Halloween,,eyJ0ZXh0dXJlcyI6eyJTS0lOIjp7InVybCI6Imh0dHA6Ly90ZXh0dXJlcy5taW5lY3JhZnQubmV0L3RleHR1cmUvMTg4NzAxM2MzZjk4MTM5ZTRmMmMxZDdjNmM3ZWY4NjJmZGFmMzU3YzExYmU3YjI0MTEyMTc0M2FkYmFiNmM0MyJ9fX0=,Flesh Monster Chest (Closed)
2025-12-26T16:28:35.601209,1 Diamond,1 Player Head,"3385,56,5086",T,Halloween,,eyJ0ZXh0dXJlcyI6eyJTS0lOIjp7InVybCI6Imh0dHA6Ly90ZXh0dXJlcy5taW5lY3JhZnQubmV0L3RleHR1cmUvYTdlMmMwZGM2ZTQwYjM3NDUzMTRhODYwZjQ3OTgwYzJkYjg2MGM4ZDkwNDNjNmNlMjEzZDI3YTJkYWM4YzliMyJ9fX0=,Copper Chest (Closed)
2025-12-26T16:28:37.038715,1 Diamond,1 Player Head,"3385,56,5085",T,Halloween,,eyJ0ZXh0dXJlcyI6eyJTS0lOIjp7InVybCI6Imh0dHA6Ly90ZXh0dXJlcy5taW5lY3JhZnQubmV0L3RleHR1cmUvM2Y1OTg0MjQ1MmIwMzkyNGZkMGU5Y2RjYjJjNGNmMDc3OTU1NWYyYjBmNGMwMTQ5MTZiZTk2NGZmMDhlYzExMCJ9fX0=,Flesh Monster Chest (Open)
2025-12-26T16:28:46.545370,1 Diamond,1 Player Head,"3385,56,5084",F,Halloween,,eyJ0ZXh0dXJlcyI6eyJTS0lOIjp7InVybCI6Imh0dHA6Ly90ZXh0dXJlcy5taW5lY3JhZnQubmV0L3RleHR1cmUvZTE5YzEyNTQzYmM3NzkyNjA1ZWY2OGUxZjg3NDlhZThmMmEzODFkOTA4NWQ0ZDRiNzgwYmExMjgyZDM1OTdhMCJ9fX0=,Mimic
2025-12-26T16:28:47.965625,1 Diamond,1 Player Head,"3385,56,5083",T,Halloween,,eyJ0ZXh0dXJlcyI6eyJTS0lOIjp7InVybCI6Imh0dHA6Ly90ZXh0dXJlcy5taW5lY3JhZnQubmV0L3RleHR1cmUvNjI1NDQwZTc2YWU2NmU1OTI0MDA5OTljYzUzNTRiY2UyZTNmYzQwYjJiN2Q2NjMyOTZhZDdjYTNmNTE4ODlhMSJ9fX0=,Skeleton Guy
2025-12-26T16:28:49.449472,1 Diamond,1 Player Head,"3385,56,5082",F,Halloween,,eyJ0ZXh0dXJlcyI6eyJTS0lOIjp7InVybCI6Imh0dHA6Ly90ZXh0dXJlcy5taW5lY3JhZnQubmV0L3RleHR1cmUvOWMyYTk3N2I3MzVlMTY4NWEyYjc1NzYwNjY0MzE1ZmJhYTdlM2JiYWUyMTU4ODliZjc2N2I1MzAzNTQzNTgwMCJ9fX0=,Ghost (Happy)
2025-12-26T16:28:50.768312,1 Diamond,1 Player Head,"3385,56,5081",F,Halloween,,eyJ0ZXh0dXJlcyI6eyJTS0lOIjp7InVybCI6Imh0dHA6Ly90ZXh0dXJlcy5taW5lY3JhZnQubmV0L3RleHR1cmUvNDI2ZWJiZTU3NjlhZTE1MjRhM2QzMDkxOTg0YTUzNGRhMDQ5NTZjMDg5ZDE0NmVjYWI2ZjJkOTMwNGZiNjE3In19fQ==,Ghost (Annoyed)
2025-12-26T16:28:52.156462,1 Diamond,1 Player Head,"3385,56,5080",T,Halloween,,eyJ0ZXh0dXJlcyI6eyJTS0lOIjp7InVybCI6Imh0dHA6Ly90ZXh0dXJlcy5taW5lY3JhZnQubmV0L3RleHR1cmUvOTMzZTc0OTU1ODM0NDlkZTBmMzRiY2MxOTM5MjhjZjEyYjNhM2Q4MjU0YmQxYzc1NjM2OGZhNmRkZmNiZTg5YyJ9fX0=,Ghost (Blushing)
2025-12-26T16:28:53.526545,1 Diamond,1 Player Head,"3385,56,5079",T,Halloween,,eyJ0ZXh0dXJlcyI6eyJTS0lOIjp7InVybCI6Imh0dHA6Ly90ZXh0dXJlcy5taW5lY3JhZnQubmV0L3RleHR1cmUvMjFmMzRiN2Q2NmUxOGRmMDhiMTkyOGUyNWU1NDNmMzEwYjVkNjUxNTY5ZjYzYWY4M2M0ZWQwOGJjYjgzZmE2OSJ9fX0=,Ghost (Confused)
2025-12-26T16:28:54.859909,1 Diamond,1 Player Head,"3385,56,5078",T,Halloween,,eyJ0ZXh0dXJlcyI6eyJTS0lOIjp7InVybCI6Imh0dHA6Ly90ZXh0dXJlcy5taW5lY3JhZnQubmV0L3RleHR1cmUvZGY1M2M1OWY1NjUzYTAxOWQwNzA1OWZiNmU4OWVmYWI2NzBhY2Q5ODkwYTI3YWI0ODU5MDc3M2I3ZGE3NTUzOCJ9fX0=,Ghost (Really Confused)
2025-12-26T16:28:56.202391,1 Diamond,1 Player Head,"3385,56,5077",T,Halloween,,eyJ0ZXh0dXJlcyI6eyJTS0lOIjp7InVybCI6Imh0dHA6Ly90ZXh0dXJlcy5taW5lY3JhZnQubmV0L3RleHR1cmUvOGVlYmQ4MWE0YmMyZGRjMTY4ZmI5YzY1MGRmMWJhNTQxM2RlYzg3NTU1N2U2YmY0Y2Q5YzdkMDNiOWIzODUwNSJ9fX0=,Ghost (Flirty)
2025-12-26T16:28:57.518753,1 Diamond,1 Player Head,"3385,59,5077",T,Halloween,,eyJ0ZXh0dXJlcyI6eyJTS0lOIjp7InVybCI6Imh0dHA6Ly90ZXh0dXJlcy5taW5lY3JhZnQubmV0L3RleHR1cmUvODQxYTFhNGRlNzZhNDBlODE3OGZlMWRmZWYxZmNlMmMzZWI2ZGY1ZTk3ODM1ZWNkMmI5NGFkYzVjOGFhN2MwZCJ9fX0=,Ghost (Overjoyed)
2025-12-26T16:28:58.619714,1 Diamond,1 Player Head,"3385,59,5078",T,Halloween,,eyJ0ZXh0dXJlcyI6eyJTS0lOIjp7InVybCI6Imh0dHA6Ly90ZXh0dXJlcy5taW5lY3JhZnQubmV0L3RleHR1cmUvY2RhOWUxOTlmNjIzMjk2NjQ0Y2UzNDBkNzA3MGJiYjIxZjk5NDQzNzM2NmFkMGQzMjIyODZjMjQ0ZTBhNWQ5MiJ9fX0=,Ghost (Tears)
2025-12-26T16:28:59.761806,1 Diamond,1 Player Head,"3385,59,5079",T,Halloween,,eyJ0ZXh0dXJlcyI6eyJTS0lOIjp7InVybCI6Imh0dHA6Ly90ZXh0dXJlcy5taW5lY3JhZnQubmV0L3RleHR1cmUvOGE5N2QwNzc2NGFjYTJhYjMyZDE0ZmYzYTIzMTQ0YWI2NDdjN2I1NzU5YTVjZDk0YzllMzI4M2Q4MjQzMzc1ZiJ9fX0=,Ghost (Anguish)
2025-12-26T16:29:00.966682,1 Diamond,1 Player Head,"3385,59,5080",T,Halloween,,eyJ0ZXh0dXJlcyI6eyJTS0lOIjp7InVybCI6Imh0dHA6Ly90ZXh0dXJlcy5taW5lY3JhZnQubmV0L3RleHR1cmUvYzExZGU5NmMzZTdiNTJmYTVlNGM3OTRiNGJlMTRhMDVmYzY3Njk0Y2E1ZWZmOWM5ZWI4YmFhYzY3MmQyMWMwOSJ9fX0=,Ghost (Sad)
2025-12-26T16:29:02.215665,1 Diamond,1 Player Head,"3385,59,5081",T,Halloween,,eyJ0ZXh0dXJlcyI6eyJTS0lOIjp7InVybCI6Imh0dHA6Ly90ZXh0dXJlcy5taW5lY3JhZnQubmV0L3RleHR1cmUvNWJmYWNlN2RmNDk1MWQwMzdhODA5N2RhYjUyNjExMWRlZTI0ZDI5MmNmM2QzYTNjYWFlY2I2NTg5NzZlODRmOCJ9fX0=,Ghost (Mouthless)
2025-12-26T16:29:03.390054,1 Diamond,1 Player Head,"3385,59,5082",T,Halloween,,eyJ0ZXh0dXJlcyI6eyJTS0lOIjp7InVybCI6Imh0dHA6Ly90ZXh0dXJlcy5taW5lY3JhZnQubmV0L3RleHR1cmUvYzI2OWMxMWUxNzU5MDU4ODE3NDlhZmJiMmJlNjRmY2ZmMmM1NTdkNDMyZTJjMWY0MGIzMzY3NjVlN2I3NGM3MiJ9fX0=,Ghost (Neutral)
2025-12-26T16:29:05.151838,1 Diamond,1 Player Head,"3385,59,5083",T,Halloween,,eyJ0ZXh0dXJlcyI6eyJTS0lOIjp7InVybCI6Imh0dHA6Ly90ZXh0dXJlcy5taW5lY3JhZnQubmV0L3RleHR1cmUvNjQwNjYyOGNjZGVmMjZhN2E5OGQ4ODlkZmQyOTczMzQxYWI5ZjM1NGIwN2VjYzg3MTViMDQxZGUwNzI0OGQ0In19fQ==,Ghost (Happy)
2025-12-26T16:29:06.456622,1 Diamond,1 Player Head,"3385,59,5084",T,Halloween,,eyJ0ZXh0dXJlcyI6eyJTS0lOIjp7InVybCI6Imh0dHA6Ly90ZXh0dXJlcy5taW5lY3JhZnQubmV0L3RleHR1cmUvYzQxMjNlZTM2ZGIzM2IyZDQzODNjMzY2YWFkNWI2YTVjNzMyOTcyMzQxNTFlYWY3NzQwNTIwNDUxODYxOTNiOSJ9fX0=,Ghost (Sobbing)
2025-12-26T16:29:07.957247,1 Diamond,1 Player Head,"3385,59,5085",T,Halloween,,eyJ0ZXh0dXJlcyI6eyJTS0lOIjp7InVybCI6Imh0dHA6Ly90ZXh0dXJlcy5taW5lY3JhZnQubmV0L3RleHR1cmUvNzcwNGM0ZTI5MjRlMGM0MTI1MmFhOGQwYjczMTIwNjBkZTA4YWI3Y2Q0MTk1NGY4ZDc5MGZjMmNkNmNhZDhjOSJ9fX0=,Ghost (Angery)
2025-12-26T16:29:09.310924,1 Diamond,1 Player Head,"3385,59,5086",T,Halloween,,eyJ0ZXh0dXJlcyI6eyJTS0lOIjp7InVybCI6Imh0dHA6Ly90ZXh0dXJlcy5taW5lY3JhZnQubmV0L3RleHR1cmUvNjQwYzkyN2I1YjU5ZTdkODY0MGM5YTljNDI0MTE1YTQ5NWRlZjAyNmNkZmRkMDBkZDRiMTFhMDkzYWE1NWMwYyJ9fX0=,Ghost (Very Upset)
2025-12-26T16:29:10.570709,1 Diamond,1 Player Head,"3385,59,5087",F,Halloween,,eyJ0ZXh0dXJlcyI6eyJTS0lOIjp7InVybCI6Imh0dHA6Ly90ZXh0dXJlcy5taW5lY3JhZnQubmV0L3RleHR1cmUvZDAyZDJkYjRiMDU1Y2E1ZjE4OTA5NmIzY2RmNmQ0OTZlMGY1YTU3ODYxZTI1ZGRlN2U0NzQ2ODIwYWIzZTQ3NSJ9fX0=,Ghost (Huh Face)
2025-12-26T16:29:11.846955,1 Diamond,1 Player Head,"3385,59,5088",T,Halloween,,eyJ0ZXh0dXJlcyI6eyJTS0lOIjp7InVybCI6Imh0dHA6Ly90ZXh0dXJlcy5taW5lY3JhZnQubmV0L3RleHR1cmUvM2M2NjE4NGEwMGQwOGFlZjEzMjQ5NTM5ZjllNGM4NDc5MjU0MWY4YWJkMzY3MjA4ODQ1ZDc3ZjhiYzIzNGU2NSJ9fX0=,Ghost (Tongue Out)
2025-12-26T16:29:21.522600,3 Iron Ingot,1 Player Head,"3349,50,5090",T,Fish,,eyJ0ZXh0dXJlcyI6eyJTS0lOIjp7InVybCI6Imh0dHA6Ly90ZXh0dXJlcy5taW5lY3JhZnQubmV0L3RleHR1cmUvNWQ4Yjg2NWY4ZjE1NGY3Mzg5NGMyNTgzZGY1N2UxNGJiYzdiYTgwZjU4YjM5OTJlYmIxNmI1MTU1ZTAzNzY2MSJ9fX0=,Tilapia
2025-12-26T16:29:27.163204,5 Iron Ingot,1 Player Head,"3348,50,5090",T,Fish,,eyJ0ZXh0dXJlcyI6eyJTS0lOIjp7InVybCI6Imh0dHA6Ly90ZXh0dXJlcy5taW5lY3JhZnQubmV0L3RleHR1cmUvODExYTU5MzNlMDE5MWVjYmM5NTBmNDdjOWNjZWIyZDg5ZGY1MTVhNDA1MGQ0NWQ2OGZlMjljOTZlNjFhYWM2ZCJ9fX0=,Gelatinous Seasnail
2025-12-26T16:29:28.619465,2 Iron Ingot,1 Player Head,"3347,50,5090",T,Fish,,eyJ0ZXh0dXJlcyI6eyJTS0lOIjp7InVybCI6Imh0dHA6Ly90ZXh0dXJlcy5taW5lY3JhZnQubmV0L3RleHR1cmUvYWY3ZWUyMmM1NzI1MTI5NTk3NzU4OTZlYmRjYWM5NDk1Y2Q4MGIyMmMxYjc5NTQzNjFjYjE5Njk3NjIwOTljMyJ9fX0=,Eel
2025-12-26T16:29:30.339225,2 Iron Ingot,1 Player Head,"3347,53,5090",T,Fish,,eyJ0ZXh0dXJlcyI6eyJTS0lOIjp7InVybCI6Imh0dHA6Ly90ZXh0dXJlcy5taW5lY3JhZnQubmV0L3RleHR1cmUvZmQ5OTQ0ZmI1ZWI4NjM5YjI4ZTc4ZGMzOGQ1NzlkODhmYjM4MGNhNTc4OWM4MWY1NTM4NDExMmQyMjdlMyJ9fX0=,Octopus
2025-12-26T16:29:33.345111,2 Iron Ingot,1 Player Head,"3346,53,5090",T,Fish,,eyJ0ZXh0dXJlcyI6eyJTS0lOIjp7InVybCI6Imh0dHA6Ly90ZXh0dXJlcy5taW5lY3JhZnQubmV0L3RleHR1cmUvNzQ0NDFhMGIxMjBjZjI2MWJjYmRhNjAyMGIxYjMwMjFiODlmZmQ1YzJlYzE4ODczODg0NGFjMjZkOWUzZGQ0ZCJ9fX0=,Perch
2025-12-26T16:29:34.671180,5 Iron Ingot,1 Player Head,"3346,50,5090",T,Fish,,eyJ0ZXh0dXJlcyI6eyJTS0lOIjp7InVybCI6Imh0dHA6Ly90ZXh0dXJlcy5taW5lY3JhZnQubmV0L3RleHR1cmUvNGZiZjcxMTE2MDlmMmVjMjNkOWIzZjI4NWUxNzU1YjYyMTkzYmQ3YzNkNzcwNTc2ZTJiMThjNDhhZmViMGUyOSJ9fX0=,Flounder
2025-12-26T16:29:36.005188,2 Iron Ingot,1 Player Head,"3345,50,5090",T,Fish,,eyJ0ZXh0dXJlcyI6eyJTS0lOIjp7InVybCI6Imh0dHA6Ly90ZXh0dXJlcy5taW5lY3JhZnQubmV0L3RleHR1cmUvM2E3ZmU1YTBiNmMwZDQwYzE4MDg0MTY1ZDFmMjFiMmMxZDAxMjc2ZTBlYjE1OTQ0ZDVhZDNiMDNkZTQ0MiJ9fX0=,Blue Catfish
2025-12-26T16:29:37.591718,2 Iron Ingot,1 Player Head,"3345,53,5090",T,Fish,,eyJ0ZXh0dXJlcyI6eyJTS0lOIjp7InVybCI6Imh0dHA6Ly90ZXh0dXJlcy5taW5lY3JhZnQubmV0L3RleHR1cmUvNTcwMDg3ZGRlMTMwODQ2YzBlOTc1ZmU2ODQzNWQ4OTQwZjA5MzM5ZmFiYzYwMjZhOTY5OWZkYjYxMmI0ZjEyMSJ9fX0=,Yellow Catfish
2025-12-26T16:29:39.072993,2 Iron Ingot,1 Player Head,"3344,53,5090",T,Fish,,eyJ0ZXh0dXJlcyI6eyJTS0lOIjp7InVybCI6Imh0dHA6Ly90ZXh0dXJlcy5taW5lY3JhZnQubmV0L3RleHR1cmUvOTEzZjA4NmNjYjU2MzIzZjIzOGJhMzQ4OWZmMmExYTM0YzBmZGNlZWFmYzQ4M2FjZmYwZTU0ODhjZmQ2YzJmMSJ9fX0=,Jellyfish
2025-12-26T16:29:40.578315,5 Iron Ingot,1 Player Head,"3344,50,5090",T,Fish,,eyJ0ZXh0dXJlcyI6eyJTS0lOIjp7InVybCI6Imh0dHA6Ly90ZXh0dXJlcy5taW5lY3JhZnQubmV0L3RleHR1cmUvZmI2NTZiYWM2NGFkYTY0ZmEyMjFlOWY0OGZiZjhhYjkzMzRiNzkzNGVmYjk3OWQ3NThkZjRkMGMxYmQxNzY5NSJ9fX0=,Abyssal Jellyfish
2025-12-26T16:29:50.899681,2 Iron Ingot,1 Player Head,"3343,50,5090",T,Fish,,eyJ0ZXh0dXJlcyI6eyJTS0lOIjp7InVybCI6Imh0dHA6Ly90ZXh0dXJlcy5taW5lY3JhZnQubmV0L3RleHR1cmUvOWQ2MjA2ZGZlMzRkMmVkYzM4MmI1NWI2MDU2ODI1ODRlOWQ4ZWVhMGFjMzVmN2M0NzM4ZGRlY2ZjZmQ5NTlmNyJ9fX0=,Crab
2025-12-26T16:29:53.188744,2 Iron Ingot,1 Player Head,"3343,53,5090",T,Fish,,eyJ0ZXh0dXJlcyI6eyJTS0lOIjp7InVybCI6Imh0dHA6Ly90ZXh0dXJlcy5taW5lY3JhZnQubmV0L3RleHR1cmUvZTM5NmQwNWMyNWM2MDZlMWFjZjRkMjEwNTNjNmE4ZjhiOWYyZTRmM2RmYjI4Njc3NDg3NmZiZWYzNTNmYzhkZSJ9fX0=,Hermit Crab
2025-12-26T16:29:54.846954,2 Iron Ingot,1 Player Head,"3342,53,5090",T,Fish,,eyJ0ZXh0dXJlcyI6eyJTS0lOIjp7InVybCI6Imh0dHA6Ly90ZXh0dXJlcy5taW5lY3JhZnQubmV0L3RleHR1cmUvYTc1M2IyMTVkMmE0ZDE0MDUzMjIwMTcxM2ZlMDg3OWZkNDVjMDE4NGY4ZDMwN2Q1NGIzMWMwNGIyMWZjNmZlZCJ9fX0=,Shrimp
2025-12-26T16:29:56.474610,3 Iron Ingot,1 Player Head,"3342,50,5090",T,Fish,,eyJ0ZXh0dXJlcyI6eyJTS0lOIjp7InVybCI6Imh0dHA6Ly90ZXh0dXJlcy5taW5lY3JhZnQubmV0L3RleHR1cmUvYWIyM2UwYWVjZDU1Y2UzYjZlOGMzOWRlNWE1OWIwY2I3NmY4Y2JjZTkwM2FjODIwZDYwOGEwZmVjZjVlZDBiMyJ9fX0=,Anemonae
2025-12-26T16:30:00.010123,2 Iron Ingot,1 Player Head,"3341,50,5090",T,Fish,,eyJ0ZXh0dXJlcyI6eyJTS0lOIjp7InVybCI6Imh0dHA6Ly90ZXh0dXJlcy5taW5lY3JhZnQubmV0L3RleHR1cmUvYWMyOGExZjBmMzkwODI3NGU1ODYwZTFhYzFiMTIyYjczMjMzMjdhZWIzNzZlODM3OGEwMzZjOWZhOGJmMzVjNSJ9fX0=,Koi Carp
2025-12-26T16:30:01.652562,2 Iron Ingot,1 Player Head,"3341,53,5090",T,Fish,,eyJ0ZXh0dXJlcyI6eyJTS0lOIjp7InVybCI6Imh0dHA6Ly90ZXh0dXJlcy5taW5lY3JhZnQubmV0L3RleHR1cmUvYjU5YzBlOWQ4M2RiZjA0ZmJkYWE3ZWIyYmRlOGU5ZmM2Nzk5NGY4MzQyMDMwMWU1ODIyNDg2ODBmYTgxOWY2MSJ9fX0=,Clam
2025-12-26T16:30:03.157972,5 Iron Ingot,1 Player Head,"3340,53,5090",T,Fish,,eyJ0ZXh0dXJlcyI6eyJTS0lOIjp7InVybCI6Imh0dHA6Ly90ZXh0dXJlcy5taW5lY3JhZnQubmV0L3RleHR1cmUvNmU1ZTQyY2Q4OTE2MWU1ODMzYTFiMzAwODI1MDVhZjYwNWM0YjBhNGZhNDVkMGY3NWNhYTZjYzZhZjA5NTM3OCJ9fX0=,Steelhead Trout
2025-12-26T16:30:04.535590,2 Iron Ingot,1 Player Head,"3340,50,5090",T,Fish,,eyJ0ZXh0dXJlcyI6eyJTS0lOIjp7InVybCI6Imh0dHA6Ly90ZXh0dXJlcy5taW5lY3JhZnQubmV0L3RleHR1cmUvNDY5OTUzYTVlNzc3ZDUwMmExZjMzYTBlZGYwOGYzZjI0MzE4YzNjODhkODRhNTQ2Y2VmYmU4MGZiOGNmNThmYyJ9fX0=,Kingfish
2025-12-26T16:30:06.065221,2 Iron Ingot,1 Player Head,"3339,50,5090",T,Fish,,eyJ0ZXh0dXJlcyI6eyJTS0lOIjp7InVybCI6Imh0dHA6Ly90ZXh0dXJlcy5taW5lY3JhZnQubmV0L3RleHR1cmUvNDBjZDcxZmJiYmJiNjZjN2JhZjc4ODFmNDE1YzY0ZmE4NGY2NTA0OTU4YTU3Y2NkYjg1ODkyNTI2NDdlYSJ9fX0=,Sturgeon
2025-12-26T16:30:07.986542,2 Iron Ingot,1 Player Head,"3339,53,5090",T,Fish,,eyJ0ZXh0dXJlcyI6eyJTS0lOIjp7InVybCI6Imh0dHA6Ly90ZXh0dXJlcy5taW5lY3JhZnQubmV0L3RleHR1cmUvNWQ3MzFlMGU4YmYwNjI5NjVlODkwNGU5ZWZjMWZkZTMxM2NmODRkNTMxNDg3YzI2Njg2NDk5MGJkY2NkN2I1NCJ9fX0=,Snook
2025-12-26T16:30:09.399878,3 Iron Ingot,1 Player Head,"3338,53,5090",T,Fish,,eyJ0ZXh0dXJlcyI6eyJTS0lOIjp7InVybCI6Imh0dHA6Ly90ZXh0dXJlcy5taW5lY3JhZnQubmV0L3RleHR1cmUvM2FiZTg3ODM0OTRkMTEzZmQ3MTk4OGMyMGVjMTQxYzVhYjhkZjdhMzY4YTRiNzQ5NTBkZjkxZjZlZTI0MzE1ZSJ9fX0=,Betta
2025-12-26T16:30:12.036433,3 Iron Ingot,1 Player Head,"3338,50,5090",T,Fish,,eyJ0ZXh0dXJlcyI6eyJTS0lOIjp7InVybCI6Imh0dHA6Ly90ZXh0dXJlcy5taW5lY3JhZnQubmV0L3RleHR1cmUvN2I3MmZiNWEzODQyYzdjMjAzOTg0NTMxZDI3MjJmYTkxMmZkZTAyNmM4NTI5ZDMzZjcxMTNlYWNmZDhhNjA0ZCJ9fX0=,Anchovy
2025-12-26T16:30:13.343175,3 Iron Ingot,1 Player Head,"3337,50,5090",T,Fish,,eyJ0ZXh0dXJlcyI6eyJTS0lOIjp7InVybCI6Imh0dHA6Ly90ZXh0dXJlcy5taW5lY3JhZnQubmV0L3RleHR1cmUvZTg1NDRlNTQzMWRmMGZhMzM5MTkxYjMwY2Q1MGI3ZDJlZmRjNmU3NDQ1OTJhMWRmZjMwZTA1MjM0NzhiZTc1MSJ9fX0=,Artic Lamprey
2025-12-26T16:30:14.917811,5 Iron Ingot,1 Player Head,"3337,53,5090",T,Fish,,eyJ0ZXh0dXJlcyI6eyJTS0lOIjp7InVybCI6Imh0dHA6Ly90ZXh0dXJlcy5taW5lY3JhZnQubmV0L3RleHR1cmUvM2FmNzIyMTc5ODU0NmY4ZjllNzZhNmEzZWUzYjE3NjczNGU5ZDVmMTdkYmNiMDg1OTgxOTQxNzU4Njk4NjQzNiJ9fX0=,Baby Whale
2025-12-26T16:30:16.265144,3 Iron Ingot,1 Player Head,"3336,53,5090",T,Fish,,eyJ0ZXh0dXJlcyI6eyJTS0lOIjp7InVybCI6Imh0dHA6Ly90ZXh0dXJlcy5taW5lY3JhZnQubmV0L3RleHR1cmUvOGU5Njg4Yjk1MGQ4ODBiNTViN2FhMmNmY2Q3NmU1YTBmYTk0YWFjNmQxNmY3OGU4MzNmNzQ0M2VhMjlmZWQzIn19fQ==,Dolphin
2025-12-26T16:30:17.501220,2 Iron Ingot,1 Player Head,"3336,50,5090",T,Fish,,eyJ0ZXh0dXJlcyI6eyJTS0lOIjp7InVybCI6Imh0dHA6Ly90ZXh0dXJlcy5taW5lY3JhZnQubmV0L3RleHR1cmUvNGFkNjhiNmE5MzYzZGUyMzk2Zjk2N2E1NmMyZTM0YTJkMjNkYjAyZDYxN2RkMWEwZjY1NGE2ZWI3MWIwODc4In19fQ==,Barracuda
2025-12-26T16:30:19.091450,2 Iron Ingot,1 Player Head,"3335,50,5090",T,Fish,,eyJ0ZXh0dXJlcyI6eyJTS0lOIjp7InVybCI6Imh0dHA6Ly90ZXh0dXJlcy5taW5lY3JhZnQubmV0L3RleHR1cmUvMjJmYzlmNzhjZTU5OTFjYmVmZjgxNDIwMjg5NGY4YWIyYTQ3MTJlNDIzYWUzN2UyZGEyNWFhZmYyYWMzYiJ9fX0=,Tuna
2025-12-26T16:30:20.569869,3 Iron Ingot,1 Player Head,"3335,53,5090",T,Fish,,eyJ0ZXh0dXJlcyI6eyJTS0lOIjp7InVybCI6Imh0dHA6Ly90ZXh0dXJlcy5taW5lY3JhZnQubmV0L3RleHR1cmUvZWRmZjkwNDEyNGVmZTQ4NmIzYTU0MjYxZGJiODA3MmIwYTRlMTE2MTVhZDhkNzM5NGQ4MTRlMGU4YzhlZjllYiJ9fX0=,Shark
2025-12-26T16:30:22.672392,3 Diamond,1 Player Head,"3333,50,5088",T,Christmas,,eyJ0ZXh0dXJlcyI6eyJTS0lOIjp7InVybCI6Imh0dHA6Ly90ZXh0dXJlcy5taW5lY3JhZnQubmV0L3RleHR1cmUvNDMxZDkwMWNlZWIzOGQwZjljNjNhZTY2Y2Q1YTQ2ZTMzYTA5YzAzNDlkMzgzZjVhNWM3YzM3MjZlMGUwZTM3MSJ9fX0=,Ornament
2025-12-26T16:30:24.079098,3 Diamond,1 Player Head,"3333,53,5088",T,Christmas,,eyJ0ZXh0dXJlcyI6eyJTS0lOIjp7InVybCI6Imh0dHA6Ly90ZXh0dXJlcy5taW5lY3JhZnQubmV0L3RleHR1cmUvNmY2ZGY3Yjc5OTcxMWY5Njc2MDJmODVmZjM4OGMxZTgyODA5M2M2ZDgyMjcxYTUwZGExNmY1M2MyMzEifX19,Bell
2025-12-26T16:30:25.474155,3 Diamond,1 Player Head,"3333,53,5087",T,Christmas,,eyJ0ZXh0dXJlcyI6eyJTS0lOIjp7InVybCI6Imh0dHA6Ly90ZXh0dXJlcy5taW5lY3JhZnQubmV0L3RleHR1cmUvMTMyMjlmODUyNTcyNjY4NGZiMDIyN2RhZDc2MjFmMDVmMGI4YjVkNThhODY5M2ZkMGVhMDY4ODM0OWYxZDUzYyJ9fX0=,Snow Globe
2025-12-26T16:30:26.908079,3 Diamond,1 Player Head,"3333,50,5087",T,Christmas,,eyJ0ZXh0dXJlcyI6eyJTS0lOIjp7InVybCI6Imh0dHA6Ly90ZXh0dXJlcy5taW5lY3JhZnQubmV0L3RleHR1cmUvZjRhNmI4MDA1ZjBiYWZiMzhjOWU3NzcwMWQ5MjE5Y2I0ODJlN2RlM2ExZDdmMTM5ZWE2ODllZTEzZjY1OTc3MyJ9fX0=,Robit
2025-12-26T16:30:28.333222,3 Diamond,1 Player Head,"3333,50,5086",T,Christmas,,eyJ0ZXh0dXJlcyI6eyJTS0lOIjp7InVybCI6Imh0dHA6Ly90ZXh0dXJlcy5taW5lY3JhZnQubmV0L3RleHR1cmUvYTg1Njk5MmQ3OWY5NjljMTJjNzRiZDg0NmZjYmIyODlkMGMzMTRlMTBjODVjMGM2ZmIwNzU1NjczYjg1ZDA2OSJ9fX0=,Bucket
2025-12-26T16:30:29.640763,3 Iron Ingot,1 Player Head,"3333,50,5085",T,Christmas,,eyJ0ZXh0dXJlcyI6eyJTS0lOIjp7InVybCI6Imh0dHA6Ly90ZXh0dXJlcy5taW5lY3JhZnQubmV0L3RleHR1cmUvZjBhZmE0ZmZmZDEwODYzZTc2YzY5OGRhMmM5YzllNzk5YmNmOWFiOWFhMzdkODMxMjg4MTczNDIyNWQzY2EifX19,Present
2025-12-26T16:30:31.005737,3 Diamond,1 Player Head,"3333,53,5086",T,Christmas,,eyJ0ZXh0dXJlcyI6eyJTS0lOIjp7InVybCI6Imh0dHA6Ly90ZXh0dXJlcy5taW5lY3JhZnQubmV0L3RleHR1cmUvOTI3MTgwOWJhOTFiNDJmYjQ4NzVhZjRiYTI5OGU1ZTU1ZjQ1ZWQ3MzcyMWJjZWE4NWE0NWRiOTI2Mjg1NzRmIn19fQ==,Ornament
2025-12-26T16:30:37.808568,3 Diamond,1 Player Head,"3333,53,5085",T,Christmas,,eyJ0ZXh0dXJlcyI6eyJTS0lOIjp7InVybCI6Imh0dHA6Ly90ZXh0dXJlcy5taW5lY3JhZnQubmV0L3RleHR1cmUvYzdjN2IyYzFmMjhkMWE0YzRlOGU0MjZjOTE3ZjQ4NGIxM2NmODAyMzdiZGFhMDc3YWJiNDFkNGM0MTBhYjU4NCJ9fX0=,Ornament
2025-12-26T16:30:39.176721,5 Iron Ingot,1 Player Head,"3333,53,5084",T,Christmas,,eyJ0ZXh0dXJlcyI6eyJTS0lOIjp7InVybCI6Imh0dHA6Ly90ZXh0dXJlcy5taW5lY3JhZnQubmV0L3RleHR1cmUvYzE4YzI5OTBhYjU1NzE2NTRlNTEzODE3NjkyODhjMGVlOGUzMTZmODhiYWVlYjk1OTY2ZWUyOTZkNmI5MjgwYyJ9fX0=,Frozen Grub